url,slug,page_type,service,main_location,primary_keyword_intent,parent_hub,gsc_clicks_20260902_17,gsc_impressions_20260902_17,gsc_avg_position_20260902_17,gsc_hosts_seen,protection_status,slug_action,current_primary_image,status,notes
https://asbestosremovalsinlondon.co.uk/,index.html,homepage,asbestos removal,London,asbestos removal London,,27,10389,22.51,asbestosremovalsinlondon.co.uk|www.asbestosremovalsinlondon.co.uk,PROTECT,KEEP EXISTING URL,,live,
https://asbestosremovalsinlondon.co.uk/asbestos-removal-kingston.html,asbestos-removal-kingston.html,sub-area/location,asbestos removal,Kingston,asbestos removal kingston,/locations.html,0,1337,38.64,asbestosremovalsinlondon.co.uk,PROTECT,KEEP EXISTING URL,,live,
https://asbestosremovalsinlondon.co.uk/asbestos-removal-kingston-upon-thames-london.html,asbestos-removal-kingston-upon-thames-london.html,borough/region,asbestos removal,Kingston Upon Thames,asbestos removal kingston upon thames,/locations.html,0,1261,34.45,asbestosremovalsinlondon.co.uk,PROTECT,KEEP EXISTING URL,,live,
https://asbestosremovalsinlondon.co.uk/asbestos-removal-croydon-london.html,asbestos-removal-croydon-london.html,borough/region,asbestos removal,Croydon,asbestos removal croydon,/locations.html,0,1107,29.85,www.asbestosremovalsinlondon.co.uk,PROTECT,KEEP EXISTING URL,,live,
https://asbestosremovalsinlondon.co.uk/asbestos-floor-removal-london.html,asbestos-floor-removal-london.html,service/support,asbestos floor removal london,London,asbestos floor removal london,/asbestos-removal-services.html,0,815,35.49,asbestosremovalsinlondon.co.uk,PROTECT,KEEP EXISTING URL,,live,
https://asbestosremovalsinlondon.co.uk/asbestos-artex-removal-twickenham.html,asbestos-artex-removal-twickenham.html,service/support,asbestos artex removal twickenham,,asbestos artex removal twickenham,/asbestos-removal-services.html,0,587,38.97,asbestosremovalsinlondon.co.uk|www.asbestosremovalsinlondon.co.uk,PROTECT,KEEP EXISTING URL,,live,
https://asbestosremovalsinlondon.co.uk/asbestos-artex-removal-london.html,asbestos-artex-removal-london.html,service/support,asbestos artex removal london,London,asbestos artex removal london,/asbestos-removal-services.html,7,541,23.51,asbestosremovalsinlondon.co.uk|www.asbestosremovalsinlondon.co.uk,PROTECT,KEEP EXISTING URL,,live,
https://asbestosremovalsinlondon.co.uk/asbestos-garage-removal-in-london.html,asbestos-garage-removal-in-london.html,service/support,asbestos garage removal in london,London,asbestos garage removal in london,/asbestos-removal-services.html,0,531,37.83,asbestosremovalsinlondon.co.uk|www.asbestosremovalsinlondon.co.uk,PROTECT,KEEP EXISTING URL,,live,
https://asbestosremovalsinlondon.co.uk/commercial-asbestos-removal-london.html,commercial-asbestos-removal-london.html,commercial service,commercial asbestos removal,London,commercial asbestos removal London,/asbestos-removal-services.html,0,428,29.59,asbestosremovalsinlondon.co.uk|www.asbestosremovalsinlondon.co.uk,PROTECT,KEEP EXISTING URL,,live,
https://asbestosremovalsinlondon.co.uk/asbestos-removal-twickenham.html,asbestos-removal-twickenham.html,sub-area/location,asbestos removal,Twickenham,asbestos removal twickenham,/locations.html,0,424,25.25,www.asbestosremovalsinlondon.co.uk,PROTECT,KEEP EXISTING URL,,live,
https://asbestosremovalsinlondon.co.uk/asbestos-removal-richmond-upon-thames-london.html,asbestos-removal-richmond-upon-thames-london.html,borough/region,asbestos removal,Richmond Upon Thames,asbestos removal richmond upon thames,/locations.html,2,422,43.01,asbestosremovalsinlondon.co.uk,PROTECT,KEEP EXISTING URL,,live,
https://asbestosremovalsinlondon.co.uk/asbestos-removal-sutton-london.html,asbestos-removal-sutton-london.html,borough/region,asbestos removal,Sutton,asbestos removal sutton,/locations.html,0,413,31.32,asbestosremovalsinlondon.co.uk,PROTECT,KEEP EXISTING URL,,live,
https://asbestosremovalsinlondon.co.uk/asbestos-pipe-removal-london.html,asbestos-pipe-removal-london.html,service/support,asbestos pipe removal london,London,asbestos pipe removal london,/asbestos-removal-services.html,0,363,17.68,asbestosremovalsinlondon.co.uk,PROTECT,KEEP EXISTING URL,,live,
https://asbestosremovalsinlondon.co.uk/asbestos-removal-services.html,asbestos-removal-services.html,service hub,asbestos removal,London,asbestos removal services,/,0,324,66.98,asbestosremovalsinlondon.co.uk|www.asbestosremovalsinlondon.co.uk,PROTECT,KEEP EXISTING URL,,live,
https://asbestosremovalsinlondon.co.uk/asbestos-garage-roof-removal-in-london.html,asbestos-garage-roof-removal-in-london.html,service/support,asbestos garage roof removal in london,London,asbestos garage roof removal in london,/asbestos-removal-services.html,0,221,37.09,asbestosremovalsinlondon.co.uk|www.asbestosremovalsinlondon.co.uk,REVIEW CAREFULLY,KEEP EXISTING URL,,live,
https://asbestosremovalsinlondon.co.uk/asbestos-removal-barnet-london.html,asbestos-removal-barnet-london.html,borough/region,asbestos removal,Barnet,asbestos removal barnet,/locations.html,0,219,51.92,www.asbestosremovalsinlondon.co.uk,REVIEW CAREFULLY,KEEP EXISTING URL,,live,
https://asbestosremovalsinlondon.co.uk/asbestos-removal-sutton.html,asbestos-removal-sutton.html,sub-area/location,asbestos removal,Sutton,asbestos removal sutton,/locations.html,0,213,43.43,asbestosremovalsinlondon.co.uk|www.asbestosremovalsinlondon.co.uk,REVIEW CAREFULLY,KEEP EXISTING URL,,live,
https://asbestosremovalsinlondon.co.uk/asbestos-removal-essex.html,asbestos-removal-essex.html,sub-area/location,asbestos removal,Essex,asbestos removal essex,/locations.html,0,209,52.76,asbestosremovalsinlondon.co.uk|www.asbestosremovalsinlondon.co.uk,REVIEW CAREFULLY,KEEP EXISTING URL,,live,
https://asbestosremovalsinlondon.co.uk/asbestos-removal-surbiton.html,asbestos-removal-surbiton.html,sub-area/location,asbestos removal,Surbiton,asbestos removal surbiton,/locations.html,0,193,18.28,asbestosremovalsinlondon.co.uk|www.asbestosremovalsinlondon.co.uk,REVIEW CAREFULLY,KEEP EXISTING URL,,live,
https://asbestosremovalsinlondon.co.uk/asbestos-removal-north-london.html,asbestos-removal-north-london.html,borough/region,asbestos removal,North,asbestos removal north,/locations.html,0,192,39.13,asbestosremovalsinlondon.co.uk|www.asbestosremovalsinlondon.co.uk,REVIEW CAREFULLY,KEEP EXISTING URL,,live,
https://asbestosremovalsinlondon.co.uk/licensed-asbestos-removal-london.html,licensed-asbestos-removal-london.html,licensed service,licensed asbestos removal,London,licensed asbestos removal London,/asbestos-removal-services.html,0,192,49.65,asbestosremovalsinlondon.co.uk,REVIEW CAREFULLY,KEEP EXISTING URL,,live,
https://asbestosremovalsinlondon.co.uk/asbestos-removal-south-london.html,asbestos-removal-south-london.html,borough/region,asbestos removal,South,asbestos removal south,/locations.html,0,180,49.39,www.asbestosremovalsinlondon.co.uk,REVIEW CAREFULLY,KEEP EXISTING URL,,live,
https://asbestosremovalsinlondon.co.uk/asbestos-removal-romford.html,asbestos-removal-romford.html,sub-area/location,asbestos removal,Romford,asbestos removal romford,/locations.html,0,161,36.12,asbestosremovalsinlondon.co.uk,REVIEW CAREFULLY,KEEP EXISTING URL,,live,
https://asbestosremovalsinlondon.co.uk/locations.html,locations.html,area hub,asbestos removal,London,London asbestos removal areas,/,0,157,71.89,www.asbestosremovalsinlondon.co.uk,REVIEW CAREFULLY,KEEP EXISTING URL,,live,
https://asbestosremovalsinlondon.co.uk/asbestos-removal-teddington.html,asbestos-removal-teddington.html,sub-area/location,asbestos removal,Teddington,asbestos removal teddington,/locations.html,0,154,12.34,asbestosremovalsinlondon.co.uk,PROTECT,KEEP EXISTING URL,,live,
https://asbestosremovalsinlondon.co.uk/asbestos-aib-removal-london.html,asbestos-aib-removal-london.html,service/support,asbestos aib removal london,London,asbestos aib removal london,/asbestos-removal-services.html,4,147,39.95,asbestosremovalsinlondon.co.uk,PROTECT,KEEP EXISTING URL,,live,
https://asbestosremovalsinlondon.co.uk/asbestos-removal-richmond.html,asbestos-removal-richmond.html,sub-area/location,asbestos removal,Richmond,asbestos removal richmond,/locations.html,1,146,41.01,asbestosremovalsinlondon.co.uk,PROTECT,KEEP EXISTING URL,,live,
https://asbestosremovalsinlondon.co.uk/asbestos-removal-east-london.html,asbestos-removal-east-london.html,borough/region,asbestos removal,East,asbestos removal east,/locations.html,0,142,50.56,asbestosremovalsinlondon.co.uk|www.asbestosremovalsinlondon.co.uk,REVIEW CAREFULLY,KEEP EXISTING URL,,live,
https://asbestosremovalsinlondon.co.uk/asbestos8203-8203disposal8203-8203in8203-8203london.html,asbestos8203-8203disposal8203-8203in8203-8203london.html,service/support,asbestos8203 8203disposal8203 8203in8203 8203london,London,asbestos8203 8203disposal8203 8203in8203 8203london,/asbestos-removal-services.html,0,138,67.07,asbestosremovalsinlondon.co.uk|www.asbestosremovalsinlondon.co.uk,REVIEW CAREFULLY,KEEP EXISTING URL,,live,MALFORMED LEGACY SLUG — redirect target not yet approved
https://asbestosremovalsinlondon.co.uk/contact.html,contact.html,utility,,,,/,0,127,62.83,asbestosremovalsinlondon.co.uk|www.asbestosremovalsinlondon.co.uk,REVIEW CAREFULLY,KEEP EXISTING URL,,live,
https://asbestosremovalsinlondon.co.uk/asbestos-removal-wandsworth-london.html,asbestos-removal-wandsworth-london.html,borough/region,asbestos removal,Wandsworth,asbestos removal wandsworth,/locations.html,0,118,30.97,asbestosremovalsinlondon.co.uk,REVIEW CAREFULLY,KEEP EXISTING URL,,live,
https://asbestosremovalsinlondon.co.uk/asbestos-removal-wandsworth.html,asbestos-removal-wandsworth.html,sub-area/location,asbestos removal,Wandsworth,asbestos removal wandsworth,/locations.html,0,118,15.7,asbestosremovalsinlondon.co.uk,REVIEW CAREFULLY,KEEP EXISTING URL,,live,
https://asbestosremovalsinlondon.co.uk/asbestos-removal-putney.html,asbestos-removal-putney.html,sub-area/location,asbestos removal,Putney,asbestos removal putney,/locations.html,0,114,15.96,asbestosremovalsinlondon.co.uk,REVIEW CAREFULLY,KEEP EXISTING URL,,live,
https://asbestosremovalsinlondon.co.uk/asbestos-water-tank-removal-london.html,asbestos-water-tank-removal-london.html,service/support,asbestos water tank removal london,London,asbestos water tank removal london,/asbestos-removal-services.html,0,112,34.58,asbestosremovalsinlondon.co.uk,REVIEW CAREFULLY,KEEP EXISTING URL,,live,
https://asbestosremovalsinlondon.co.uk/asbestos-removal-bromley-london.html,asbestos-removal-bromley-london.html,borough/region,asbestos removal,Bromley,asbestos removal bromley,/locations.html,0,108,34.13,asbestosremovalsinlondon.co.uk,REVIEW CAREFULLY,KEEP EXISTING URL,,live,
https://asbestosremovalsinlondon.co.uk/asbestos-removal-new-malden.html,asbestos-removal-new-malden.html,sub-area/location,asbestos removal,New Malden,asbestos removal new malden,/locations.html,0,102,20.65,asbestosremovalsinlondon.co.uk|www.asbestosremovalsinlondon.co.uk,REVIEW CAREFULLY,KEEP EXISTING URL,,live,
https://asbestosremovalsinlondon.co.uk/asbestos-aib-soffit-removal-london.html,asbestos-aib-soffit-removal-london.html,service/support,asbestos aib soffit removal london,London,asbestos aib soffit removal london,/asbestos-removal-services.html,0,85,38.36,asbestosremovalsinlondon.co.uk,REVIEW CAREFULLY,KEEP EXISTING URL,,live,
https://asbestosremovalsinlondon.co.uk/asbestos-removal-chiswick.html,asbestos-removal-chiswick.html,sub-area/location,asbestos removal,Chiswick,asbestos removal chiswick,/locations.html,0,84,10.24,asbestosremovalsinlondon.co.uk,PROTECT,KEEP EXISTING URL,,live,
https://asbestosremovalsinlondon.co.uk/asbestos-removal-wanstead.html,asbestos-removal-wanstead.html,sub-area/location,asbestos removal,Wanstead,asbestos removal wanstead,/locations.html,0,82,55.27,asbestosremovalsinlondon.co.uk,REVIEW CAREFULLY,KEEP EXISTING URL,,live,
https://asbestosremovalsinlondon.co.uk/asbestos-removal-enfield-london.html,asbestos-removal-enfield-london.html,borough/region,asbestos removal,Enfield,asbestos removal enfield,/locations.html,0,73,20.16,asbestosremovalsinlondon.co.uk|www.asbestosremovalsinlondon.co.uk,REVIEW CAREFULLY,KEEP EXISTING URL,,live,
https://asbestosremovalsinlondon.co.uk/asbestos-roof-removal-london.html,asbestos-roof-removal-london.html,service/support,asbestos roof removal london,London,asbestos roof removal london,/asbestos-removal-services.html,0,64,65.34,asbestosremovalsinlondon.co.uk,REVIEW CAREFULLY,KEEP EXISTING URL,,live,
https://asbestosremovalsinlondon.co.uk/asbestos-removal-ilford.html,asbestos-removal-ilford.html,sub-area/location,asbestos removal,Ilford,asbestos removal ilford,/locations.html,0,54,20.48,asbestosremovalsinlondon.co.uk|www.asbestosremovalsinlondon.co.uk,REVIEW CAREFULLY,KEEP EXISTING URL,,live,
https://asbestosremovalsinlondon.co.uk/asbestos-removal-islington-london.html,asbestos-removal-islington-london.html,borough/region,asbestos removal,Islington,asbestos removal islington,/locations.html,0,52,52.13,asbestosremovalsinlondon.co.uk,REVIEW CAREFULLY,KEEP EXISTING URL,,live,
https://asbestosremovalsinlondon.co.uk/asbestos-removal-chelsea.html,asbestos-removal-chelsea.html,sub-area/location,asbestos removal,Chelsea,asbestos removal chelsea,/locations.html,0,43,12.88,asbestosremovalsinlondon.co.uk,PROTECT,KEEP EXISTING URL,,live,
https://asbestosremovalsinlondon.co.uk/asbestos-removal-hillingdon-london.html,asbestos-removal-hillingdon-london.html,borough/region,asbestos removal,Hillingdon,asbestos removal hillingdon,/locations.html,0,38,69.29,asbestosremovalsinlondon.co.uk,SAFE TO REWORK,KEEP EXISTING URL,,live,
https://asbestosremovalsinlondon.co.uk/asbestos-removal-ealing-london.html,asbestos-removal-ealing-london.html,borough/region,asbestos removal,Ealing,asbestos removal ealing,/locations.html,0,37,36.08,www.asbestosremovalsinlondon.co.uk,SAFE TO REWORK,KEEP EXISTING URL,,live,
https://asbestosremovalsinlondon.co.uk/asbestos-removal-hornchurch.html,asbestos-removal-hornchurch.html,sub-area/location,asbestos removal,Hornchurch,asbestos removal hornchurch,/locations.html,0,36,28.94,asbestosremovalsinlondon.co.uk,SAFE TO REWORK,KEEP EXISTING URL,,live,
https://asbestosremovalsinlondon.co.uk/asbestos-removal-hounslow-london.html,asbestos-removal-hounslow-london.html,borough/region,asbestos removal,Hounslow,asbestos removal hounslow,/locations.html,0,29,33.03,asbestosremovalsinlondon.co.uk,SAFE TO REWORK,KEEP EXISTING URL,,live,
https://asbestosremovalsinlondon.co.uk/asbestos-removal-barking-and-dagenham-london.html,asbestos-removal-barking-and-dagenham-london.html,borough/region,asbestos removal,Barking And Dagenham,asbestos removal barking and dagenham,/locations.html,0,27,48.41,asbestosremovalsinlondon.co.uk|www.asbestosremovalsinlondon.co.uk,SAFE TO REWORK,KEEP EXISTING URL,,live,
https://asbestosremovalsinlondon.co.uk/asbestos-removal-cheam.html,asbestos-removal-cheam.html,sub-area/location,asbestos removal,Cheam,asbestos removal cheam,/locations.html,0,26,26.92,asbestosremovalsinlondon.co.uk,SAFE TO REWORK,KEEP EXISTING URL,,live,
https://asbestosremovalsinlondon.co.uk/asbestos-removal-tooting.html,asbestos-removal-tooting.html,sub-area/location,asbestos removal,Tooting,asbestos removal tooting,/locations.html,0,24,41.92,asbestosremovalsinlondon.co.uk,SAFE TO REWORK,KEEP EXISTING URL,,live,
https://asbestosremovalsinlondon.co.uk/asbestos-removal-merton-london.html,asbestos-removal-merton-london.html,borough/region,asbestos removal,Merton,asbestos removal merton,/locations.html,0,23,48.65,asbestosremovalsinlondon.co.uk,SAFE TO REWORK,KEEP EXISTING URL,,live,
https://asbestosremovalsinlondon.co.uk/asbestos-surveys-london.html,asbestos-surveys-london.html,service/support,asbestos surveys london,London,asbestos surveys london,/asbestos-removal-services.html,0,22,42.95,asbestosremovalsinlondon.co.uk|www.asbestosremovalsinlondon.co.uk,REVIEW CAREFULLY,KEEP EXISTING URL,,live,
https://asbestosremovalsinlondon.co.uk/asbestos-removal-carshalton.html,asbestos-removal-carshalton.html,sub-area/location,asbestos removal,Carshalton,asbestos removal carshalton,/locations.html,0,22,33.73,asbestosremovalsinlondon.co.uk,SAFE TO REWORK,KEEP EXISTING URL,,live,
https://asbestosremovalsinlondon.co.uk/asbestos-removal-penge.html,asbestos-removal-penge.html,sub-area/location,asbestos removal,Penge,asbestos removal penge,/locations.html,0,21,28.81,asbestosremovalsinlondon.co.uk,SAFE TO REWORK,KEEP EXISTING URL,,live,
https://asbestosremovalsinlondon.co.uk/asbestos-removal-uxbridge.html,asbestos-removal-uxbridge.html,sub-area/location,asbestos removal,Uxbridge,asbestos removal uxbridge,/locations.html,0,21,23.29,asbestosremovalsinlondon.co.uk,REVIEW CAREFULLY,KEEP EXISTING URL,,live,
https://asbestosremovalsinlondon.co.uk/asbestos-removal-camden-london.html,asbestos-removal-camden-london.html,borough/region,asbestos removal,Camden,asbestos removal camden,/locations.html,0,20,23.15,asbestosremovalsinlondon.co.uk,REVIEW CAREFULLY,KEEP EXISTING URL,,live,
https://asbestosremovalsinlondon.co.uk/asbestos-removal-dagenham.html,asbestos-removal-dagenham.html,sub-area/location,asbestos removal,Dagenham,asbestos removal dagenham,/locations.html,0,19,25.42,asbestosremovalsinlondon.co.uk,SAFE TO REWORK,KEEP EXISTING URL,,live,
https://asbestosremovalsinlondon.co.uk/asbestos-removal-upminster.html,asbestos-removal-upminster.html,sub-area/location,asbestos removal,Upminster,asbestos removal upminster,/locations.html,0,18,16.5,asbestosremovalsinlondon.co.uk,REVIEW CAREFULLY,KEEP EXISTING URL,,live,
https://asbestosremovalsinlondon.co.uk/asbestos-removal-orpington.html,asbestos-removal-orpington.html,sub-area/location,asbestos removal,Orpington,asbestos removal orpington,/locations.html,0,17,41.35,asbestosremovalsinlondon.co.uk,SAFE TO REWORK,KEEP EXISTING URL,,live,
https://asbestosremovalsinlondon.co.uk/asbestos-removal-west-drayton.html,asbestos-removal-west-drayton.html,sub-area/location,asbestos removal,West Drayton,asbestos removal west drayton,/locations.html,0,17,38.29,asbestosremovalsinlondon.co.uk,SAFE TO REWORK,KEEP EXISTING URL,,live,
https://asbestosremovalsinlondon.co.uk/asbestos-removal-bexley-london.html,asbestos-removal-bexley-london.html,borough/region,asbestos removal,Bexley,asbestos removal bexley,/locations.html,0,16,31.13,asbestosremovalsinlondon.co.uk,SAFE TO REWORK,KEEP EXISTING URL,,live,
https://asbestosremovalsinlondon.co.uk/asbestos-removal-barking.html,asbestos-removal-barking.html,sub-area/location,asbestos removal,Barking,asbestos removal barking,/locations.html,0,16,27.94,asbestosremovalsinlondon.co.uk,SAFE TO REWORK,KEEP EXISTING URL,,live,
https://asbestosremovalsinlondon.co.uk/asbestos-removal-streatham.html,asbestos-removal-streatham.html,sub-area/location,asbestos removal,Streatham,asbestos removal streatham,/locations.html,0,16,18,asbestosremovalsinlondon.co.uk,REVIEW CAREFULLY,KEEP EXISTING URL,,live,
https://asbestosremovalsinlondon.co.uk/asbestos-removal-camden-town.html,asbestos-removal-camden-town.html,sub-area/location,asbestos removal,Camden Town,asbestos removal camden town,/locations.html,0,15,18.53,asbestosremovalsinlondon.co.uk|www.asbestosremovalsinlondon.co.uk,REVIEW CAREFULLY,KEEP EXISTING URL,,live,
https://asbestosremovalsinlondon.co.uk/asbestos-removal-lewisham.html,asbestos-removal-lewisham.html,sub-area/location,asbestos removal,Lewisham,asbestos removal lewisham,/locations.html,0,15,29.13,asbestosremovalsinlondon.co.uk,SAFE TO REWORK,KEEP EXISTING URL,,live,
https://asbestosremovalsinlondon.co.uk/asbestos-removal-barnes.html,asbestos-removal-barnes.html,sub-area/location,asbestos removal,Barnes,asbestos removal barnes,/locations.html,0,15,12,asbestosremovalsinlondon.co.uk,REVIEW CAREFULLY,KEEP EXISTING URL,,live,
https://asbestosremovalsinlondon.co.uk/asbestos-removal-battersea.html,asbestos-removal-battersea.html,sub-area/location,asbestos removal,Battersea,asbestos removal battersea,/locations.html,0,15,40.6,asbestosremovalsinlondon.co.uk,SAFE TO REWORK,KEEP EXISTING URL,,live,
https://asbestosremovalsinlondon.co.uk/asbestos-removal-becontree.html,asbestos-removal-becontree.html,sub-area/location,asbestos removal,Becontree,asbestos removal becontree,/locations.html,0,14,47.86,asbestosremovalsinlondon.co.uk,SAFE TO REWORK,KEEP EXISTING URL,,live,
https://asbestosremovalsinlondon.co.uk/asbestos-removal-wembley.html,asbestos-removal-wembley.html,sub-area/location,asbestos removal,Wembley,asbestos removal wembley,/locations.html,0,14,16.21,asbestosremovalsinlondon.co.uk|www.asbestosremovalsinlondon.co.uk,REVIEW CAREFULLY,KEEP EXISTING URL,,live,
https://asbestosremovalsinlondon.co.uk/asbestos-removal-beckenham.html,asbestos-removal-beckenham.html,sub-area/location,asbestos removal,Beckenham,asbestos removal beckenham,/locations.html,0,14,26.93,asbestosremovalsinlondon.co.uk,SAFE TO REWORK,KEEP EXISTING URL,,live,
https://asbestosremovalsinlondon.co.uk/asbestos-removal-hammersmith-and-fulham-london.html,asbestos-removal-hammersmith-and-fulham-london.html,borough/region,asbestos removal,Hammersmith And Fulham,asbestos removal hammersmith and fulham,/locations.html,0,12,17.17,asbestosremovalsinlondon.co.uk,REVIEW CAREFULLY,KEEP EXISTING URL,,live,
https://asbestosremovalsinlondon.co.uk/asbestos-removal-waltham-forest-london.html,asbestos-removal-waltham-forest-london.html,borough/region,asbestos removal,Waltham Forest,asbestos removal waltham forest,/locations.html,0,12,21.5,asbestosremovalsinlondon.co.uk,REVIEW CAREFULLY,KEEP EXISTING URL,,live,
https://asbestosremovalsinlondon.co.uk/asbestos-removal-wallington.html,asbestos-removal-wallington.html,sub-area/location,asbestos removal,Wallington,asbestos removal wallington,/locations.html,0,12,23,asbestosremovalsinlondon.co.uk,REVIEW CAREFULLY,KEEP EXISTING URL,,live,
https://asbestosremovalsinlondon.co.uk/asbestos-removal-walthamstow.html,asbestos-removal-walthamstow.html,sub-area/location,asbestos removal,Walthamstow,asbestos removal walthamstow,/locations.html,0,12,36.5,asbestosremovalsinlondon.co.uk,SAFE TO REWORK,KEEP EXISTING URL,,live,
https://asbestosremovalsinlondon.co.uk/asbestos-removal-lambeth-london.html,asbestos-removal-lambeth-london.html,borough/region,asbestos removal,Lambeth,asbestos removal lambeth,/locations.html,0,11,40.18,asbestosremovalsinlondon.co.uk,SAFE TO REWORK,KEEP EXISTING URL,,live,
https://asbestosremovalsinlondon.co.uk/asbestos-removal-havering-london.html,asbestos-removal-havering-london.html,borough/region,asbestos removal,Havering,asbestos removal havering,/locations.html,0,10,32.2,asbestosremovalsinlondon.co.uk,SAFE TO REWORK,KEEP EXISTING URL,,live,
https://asbestosremovalsinlondon.co.uk/asbestos-removal-colliers-wood.html,asbestos-removal-colliers-wood.html,sub-area/location,asbestos removal,Colliers Wood,asbestos removal colliers wood,/locations.html,0,10,28.6,asbestosremovalsinlondon.co.uk,SAFE TO REWORK,KEEP EXISTING URL,,live,
https://asbestosremovalsinlondon.co.uk/asbestos-removal-woodford.html,asbestos-removal-woodford.html,sub-area/location,asbestos removal,Woodford,asbestos removal woodford,/locations.html,0,9,39.67,asbestosremovalsinlondon.co.uk,SAFE TO REWORK,KEEP EXISTING URL,,live,
https://asbestosremovalsinlondon.co.uk/asbestos-removal-brentford.html,asbestos-removal-brentford.html,sub-area/location,asbestos removal,Brentford,asbestos removal brentford,/locations.html,0,8,28.63,asbestosremovalsinlondon.co.uk,SAFE TO REWORK,KEEP EXISTING URL,,live,
https://asbestosremovalsinlondon.co.uk/asbestos-removal-stratford.html,asbestos-removal-stratford.html,sub-area/location,asbestos removal,Stratford,asbestos removal stratford,/locations.html,0,8,18.13,asbestosremovalsinlondon.co.uk,SAFE TO REWORK,KEEP EXISTING URL,,live,
https://asbestosremovalsinlondon.co.uk/asbestos-removal-redbridge-london.html,asbestos-removal-redbridge-london.html,borough/region,asbestos removal,Redbridge,asbestos removal redbridge,/locations.html,0,7,32.29,asbestosremovalsinlondon.co.uk,SAFE TO REWORK,KEEP EXISTING URL,,live,
https://asbestosremovalsinlondon.co.uk/asbestos-removal-southgate.html,asbestos-removal-southgate.html,sub-area/location,asbestos removal,Southgate,asbestos removal southgate,/locations.html,0,7,13.14,asbestosremovalsinlondon.co.uk,SAFE TO REWORK,KEEP EXISTING URL,,live,
https://asbestosremovalsinlondon.co.uk/asbestos-removal-ruislip.html,asbestos-removal-ruislip.html,sub-area/location,asbestos removal,Ruislip,asbestos removal ruislip,/locations.html,0,7,11,asbestosremovalsinlondon.co.uk,SAFE TO REWORK,KEEP EXISTING URL,,live,
https://asbestosremovalsinlondon.co.uk/asbestos-removal-bethnal-green.html,asbestos-removal-bethnal-green.html,sub-area/location,asbestos removal,Bethnal Green,asbestos removal bethnal green,/locations.html,0,7,24.86,asbestosremovalsinlondon.co.uk,SAFE TO REWORK,KEEP EXISTING URL,,live,
https://asbestosremovalsinlondon.co.uk/asbestos-removal-haringey-london.html,asbestos-removal-haringey-london.html,borough/region,asbestos removal,Haringey,asbestos removal haringey,/locations.html,0,6,13,asbestosremovalsinlondon.co.uk,SAFE TO REWORK,KEEP EXISTING URL,,live,
https://asbestosremovalsinlondon.co.uk/asbestos-floor-tile-removal-uxbridge.html,asbestos-floor-tile-removal-uxbridge.html,service/support,asbestos floor tile removal uxbridge,,asbestos floor tile removal uxbridge,/asbestos-removal-services.html,0,6,55.17,asbestosremovalsinlondon.co.uk,SAFE TO REWORK,KEEP EXISTING URL,,live,
https://asbestosremovalsinlondon.co.uk/asbestos-removal-newham-london.html,asbestos-removal-newham-london.html,borough/region,asbestos removal,Newham,asbestos removal newham,/locations.html,0,5,31.8,asbestosremovalsinlondon.co.uk,SAFE TO REWORK,KEEP EXISTING URL,,live,
https://asbestosremovalsinlondon.co.uk/asbestos-removal-tower-hamlets-london.html,asbestos-removal-tower-hamlets-london.html,borough/region,asbestos removal,Tower Hamlets,asbestos removal tower hamlets,/locations.html,0,5,29.8,asbestosremovalsinlondon.co.uk,SAFE TO REWORK,KEEP EXISTING URL,,live,
https://asbestosremovalsinlondon.co.uk/asbestos-removal-bexleyheath.html,asbestos-removal-bexleyheath.html,sub-area/location,asbestos removal,Bexleyheath,asbestos removal bexleyheath,/locations.html,0,5,53.8,asbestosremovalsinlondon.co.uk,SAFE TO REWORK,KEEP EXISTING URL,,live,
https://asbestosremovalsinlondon.co.uk/asbestos-removal-welling.html,asbestos-removal-welling.html,sub-area/location,asbestos removal,Welling,asbestos removal welling,/locations.html,0,5,20.8,asbestosremovalsinlondon.co.uk,SAFE TO REWORK,KEEP EXISTING URL,,live,
https://asbestosremovalsinlondon.co.uk/asbestos-removal-dalston.html,asbestos-removal-dalston.html,sub-area/location,asbestos removal,Dalston,asbestos removal dalston,/locations.html,0,5,21,asbestosremovalsinlondon.co.uk,SAFE TO REWORK,KEEP EXISTING URL,,live,
https://asbestosremovalsinlondon.co.uk/asbestos-removal-stoke-newington.html,asbestos-removal-stoke-newington.html,sub-area/location,asbestos removal,Stoke Newington,asbestos removal stoke newington,/locations.html,0,5,42,asbestosremovalsinlondon.co.uk,SAFE TO REWORK,KEEP EXISTING URL,,live,
https://asbestosremovalsinlondon.co.uk/asbestos-removal-sydenham.html,asbestos-removal-sydenham.html,sub-area/location,asbestos removal,Sydenham,asbestos removal sydenham,/locations.html,0,5,37.6,asbestosremovalsinlondon.co.uk,SAFE TO REWORK,KEEP EXISTING URL,,live,
https://asbestosremovalsinlondon.co.uk/asbestos-removal-east-ham.html,asbestos-removal-east-ham.html,sub-area/location,asbestos removal,East Ham,asbestos removal east ham,/locations.html,0,5,35.6,asbestosremovalsinlondon.co.uk,SAFE TO REWORK,KEEP EXISTING URL,,live,
https://asbestosremovalsinlondon.co.uk/asbestos-removal-southwark.html,asbestos-removal-southwark.html,sub-area/location,asbestos removal,Southwark,asbestos removal southwark,/locations.html,0,5,8.6,asbestosremovalsinlondon.co.uk,SAFE TO REWORK,KEEP EXISTING URL,,live,
https://asbestosremovalsinlondon.co.uk/asbestos-removal-chingford.html,asbestos-removal-chingford.html,sub-area/location,asbestos removal,Chingford,asbestos removal chingford,/locations.html,0,5,9.4,asbestosremovalsinlondon.co.uk,SAFE TO REWORK,KEEP EXISTING URL,,live,
https://asbestosremovalsinlondon.co.uk/asbestos-removal-chadwell-heath.html,asbestos-removal-chadwell-heath.html,sub-area/location,asbestos removal,Chadwell Heath,asbestos removal chadwell heath,/locations.html,0,4,9.5,asbestosremovalsinlondon.co.uk,SAFE TO REWORK,KEEP EXISTING URL,,live,
https://asbestosremovalsinlondon.co.uk/asbestos-removal-sidcup.html,asbestos-removal-sidcup.html,sub-area/location,asbestos removal,Sidcup,asbestos removal sidcup,/locations.html,0,4,24.75,asbestosremovalsinlondon.co.uk,SAFE TO REWORK,KEEP EXISTING URL,,live,
https://asbestosremovalsinlondon.co.uk/asbestos-removal-bromley.html,asbestos-removal-bromley.html,sub-area/location,asbestos removal,Bromley,asbestos removal bromley,/locations.html,0,4,78.25,asbestosremovalsinlondon.co.uk,SAFE TO REWORK,KEEP EXISTING URL,,live,
https://asbestosremovalsinlondon.co.uk/asbestos-removal-kentish-town.html,asbestos-removal-kentish-town.html,sub-area/location,asbestos removal,Kentish Town,asbestos removal kentish town,/locations.html,0,4,8.5,asbestosremovalsinlondon.co.uk,SAFE TO REWORK,KEEP EXISTING URL,,live,
https://asbestosremovalsinlondon.co.uk/asbestos-removal-southall.html,asbestos-removal-southall.html,sub-area/location,asbestos removal,Southall,asbestos removal southall,/locations.html,0,4,47.75,asbestosremovalsinlondon.co.uk,SAFE TO REWORK,KEEP EXISTING URL,,live,
https://asbestosremovalsinlondon.co.uk/asbestos-removal-poplar.html,asbestos-removal-poplar.html,sub-area/location,asbestos removal,Poplar,asbestos removal poplar,/locations.html,0,4,10.5,asbestosremovalsinlondon.co.uk,SAFE TO REWORK,KEEP EXISTING URL,,live,
https://asbestosremovalsinlondon.co.uk/asbestos-removal-soho.html,asbestos-removal-soho.html,sub-area/location,asbestos removal,Soho,asbestos removal soho,/locations.html,0,4,8.5,asbestosremovalsinlondon.co.uk|www.asbestosremovalsinlondon.co.uk,SAFE TO REWORK,KEEP EXISTING URL,,live,
https://asbestosremovalsinlondon.co.uk/asbestos-removal-brent-london.html,asbestos-removal-brent-london.html,borough/region,asbestos removal,Brent,asbestos removal brent,/locations.html,0,3,9.33,asbestosremovalsinlondon.co.uk,SAFE TO REWORK,KEEP EXISTING URL,,live,
https://asbestosremovalsinlondon.co.uk/asbestos-removal-greenford.html,asbestos-removal-greenford.html,sub-area/location,asbestos removal,Greenford,asbestos removal greenford,/locations.html,0,3,9,www.asbestosremovalsinlondon.co.uk,SAFE TO REWORK,KEEP EXISTING URL,,live,
https://asbestosremovalsinlondon.co.uk/asbestos-removal-eltham.html,asbestos-removal-eltham.html,sub-area/location,asbestos removal,Eltham,asbestos removal eltham,/locations.html,0,3,8,asbestosremovalsinlondon.co.uk,SAFE TO REWORK,KEEP EXISTING URL,,live,
https://asbestosremovalsinlondon.co.uk/asbestos-removal-wood-green.html,asbestos-removal-wood-green.html,sub-area/location,asbestos removal,Wood Green,asbestos removal wood green,/locations.html,0,3,15,www.asbestosremovalsinlondon.co.uk,SAFE TO REWORK,KEEP EXISTING URL,,live,
https://asbestosremovalsinlondon.co.uk/asbestos-removal-hayes.html,asbestos-removal-hayes.html,sub-area/location,asbestos removal,Hayes,asbestos removal hayes,/locations.html,0,3,6.33,asbestosremovalsinlondon.co.uk,SAFE TO REWORK,KEEP EXISTING URL,,live,
https://asbestosremovalsinlondon.co.uk/asbestos-removal-brixton.html,asbestos-removal-brixton.html,sub-area/location,asbestos removal,Brixton,asbestos removal brixton,/locations.html,0,3,21,asbestosremovalsinlondon.co.uk,SAFE TO REWORK,KEEP EXISTING URL,,live,
https://asbestosremovalsinlondon.co.uk/asbestos-removal-catford.html,asbestos-removal-catford.html,sub-area/location,asbestos removal,Catford,asbestos removal catford,/locations.html,0,3,58.67,asbestosremovalsinlondon.co.uk,SAFE TO REWORK,KEEP EXISTING URL,,live,
https://asbestosremovalsinlondon.co.uk/asbestos-removal-wimbledon.html,asbestos-removal-wimbledon.html,sub-area/location,asbestos removal,Wimbledon,asbestos removal wimbledon,/locations.html,0,3,11,asbestosremovalsinlondon.co.uk|www.asbestosremovalsinlondon.co.uk,SAFE TO REWORK,KEEP EXISTING URL,,live,
https://asbestosremovalsinlondon.co.uk/asbestos-removal-barkingside.html,asbestos-removal-barkingside.html,sub-area/location,asbestos removal,Barkingside,asbestos removal barkingside,/locations.html,0,3,55.67,asbestosremovalsinlondon.co.uk,SAFE TO REWORK,KEEP EXISTING URL,,live,
https://asbestosremovalsinlondon.co.uk/asbestos-removal-canary-wharf.html,asbestos-removal-canary-wharf.html,sub-area/location,asbestos removal,Canary Wharf,asbestos removal canary wharf,/locations.html,0,3,10.33,asbestosremovalsinlondon.co.uk,SAFE TO REWORK,KEEP EXISTING URL,,live,
https://asbestosremovalsinlondon.co.uk/asbestos-removal-leyton.html,asbestos-removal-leyton.html,sub-area/location,asbestos removal,Leyton,asbestos removal leyton,/locations.html,0,3,40.67,asbestosremovalsinlondon.co.uk,SAFE TO REWORK,KEEP EXISTING URL,,live,
https://asbestosremovalsinlondon.co.uk/asbestos-aib-removal-battersea.html,asbestos-aib-removal-battersea.html,service/support,asbestos aib removal battersea,,asbestos aib removal battersea,/asbestos-removal-services.html,0,3,47.67,asbestosremovalsinlondon.co.uk,SAFE TO REWORK,KEEP EXISTING URL,,live,
https://asbestosremovalsinlondon.co.uk/asbestos-removal-west-london.html,asbestos-removal-west-london.html,borough/region,asbestos removal,West,asbestos removal west,/locations.html,0,2,7.5,www.asbestosremovalsinlondon.co.uk,SAFE TO REWORK,KEEP EXISTING URL,,live,
https://asbestosremovalsinlondon.co.uk/asbestos-removal-greenwich-london.html,asbestos-removal-greenwich-london.html,borough/region,asbestos removal,Greenwich,asbestos removal greenwich,/locations.html,0,2,60.5,asbestosremovalsinlondon.co.uk,SAFE TO REWORK,KEEP EXISTING URL,,live,
https://asbestosremovalsinlondon.co.uk/asbestos-removal-hackney-london.html,asbestos-removal-hackney-london.html,borough/region,asbestos removal,Hackney,asbestos removal hackney,/locations.html,0,2,25.5,asbestosremovalsinlondon.co.uk,SAFE TO REWORK,KEEP EXISTING URL,,live,
https://asbestosremovalsinlondon.co.uk/asbestos-removal-harrow-london.html,asbestos-removal-harrow-london.html,borough/region,asbestos removal,Harrow,asbestos removal harrow,/locations.html,0,2,20,asbestosremovalsinlondon.co.uk,SAFE TO REWORK,KEEP EXISTING URL,,live,
https://asbestosremovalsinlondon.co.uk/asbestos-removal-lewisham-london.html,asbestos-removal-lewisham-london.html,borough/region,asbestos removal,Lewisham,asbestos removal lewisham,/locations.html,0,2,62.5,asbestosremovalsinlondon.co.uk,SAFE TO REWORK,KEEP EXISTING URL,,live,
https://asbestosremovalsinlondon.co.uk/asbestos-removal-southwark-london.html,asbestos-removal-southwark-london.html,borough/region,asbestos removal,Southwark,asbestos removal southwark,/locations.html,0,2,38,asbestosremovalsinlondon.co.uk,SAFE TO REWORK,KEEP EXISTING URL,,live,
https://asbestosremovalsinlondon.co.uk/asbestos-removal-hendon.html,asbestos-removal-hendon.html,sub-area/location,asbestos removal,Hendon,asbestos removal hendon,/locations.html,1,2,5,asbestosremovalsinlondon.co.uk,PROTECT,KEEP EXISTING URL,,live,
https://asbestosremovalsinlondon.co.uk/asbestos-removal-erith.html,asbestos-removal-erith.html,sub-area/location,asbestos removal,Erith,asbestos removal erith,/locations.html,0,2,7,asbestosremovalsinlondon.co.uk,SAFE TO REWORK,KEEP EXISTING URL,,live,
https://asbestosremovalsinlondon.co.uk/asbestos-removal-willesden.html,asbestos-removal-willesden.html,sub-area/location,asbestos removal,Willesden,asbestos removal willesden,/locations.html,0,2,11.5,asbestosremovalsinlondon.co.uk,SAFE TO REWORK,KEEP EXISTING URL,,live,
https://asbestosremovalsinlondon.co.uk/asbestos-removal-purley.html,asbestos-removal-purley.html,sub-area/location,asbestos removal,Purley,asbestos removal purley,/locations.html,0,2,11,asbestosremovalsinlondon.co.uk,SAFE TO REWORK,KEEP EXISTING URL,,live,
https://asbestosremovalsinlondon.co.uk/asbestos-removal-ealing.html,asbestos-removal-ealing.html,sub-area/location,asbestos removal,Ealing,asbestos removal ealing,/locations.html,0,2,10.5,asbestosremovalsinlondon.co.uk,SAFE TO REWORK,KEEP EXISTING URL,,live,
https://asbestosremovalsinlondon.co.uk/asbestos-removal-greenwich.html,asbestos-removal-greenwich.html,sub-area/location,asbestos removal,Greenwich,asbestos removal greenwich,/locations.html,0,2,22,asbestosremovalsinlondon.co.uk,SAFE TO REWORK,KEEP EXISTING URL,,live,
https://asbestosremovalsinlondon.co.uk/asbestos-removal-woolwich.html,asbestos-removal-woolwich.html,sub-area/location,asbestos removal,Woolwich,asbestos removal woolwich,/locations.html,0,2,54.5,asbestosremovalsinlondon.co.uk,SAFE TO REWORK,KEEP EXISTING URL,,live,
https://asbestosremovalsinlondon.co.uk/asbestos-removal-plumstead.html,asbestos-removal-plumstead.html,sub-area/location,asbestos removal,Plumstead,asbestos removal plumstead,/locations.html,0,2,13,asbestosremovalsinlondon.co.uk,SAFE TO REWORK,KEEP EXISTING URL,,live,
https://asbestosremovalsinlondon.co.uk/asbestos-removal-hammersmith.html,asbestos-removal-hammersmith.html,sub-area/location,asbestos removal,Hammersmith,asbestos removal hammersmith,/locations.html,0,2,29.5,asbestosremovalsinlondon.co.uk,SAFE TO REWORK,KEEP EXISTING URL,,live,
https://asbestosremovalsinlondon.co.uk/asbestos-removal-shepherds-bush.html,asbestos-removal-shepherds-bush.html,sub-area/location,asbestos removal,Shepherds Bush,asbestos removal shepherds bush,/locations.html,0,2,7,asbestosremovalsinlondon.co.uk,SAFE TO REWORK,KEEP EXISTING URL,,live,
https://asbestosremovalsinlondon.co.uk/asbestos-removal-highbury.html,asbestos-removal-highbury.html,sub-area/location,asbestos removal,Highbury,asbestos removal highbury,/locations.html,0,2,7,asbestosremovalsinlondon.co.uk,SAFE TO REWORK,KEEP EXISTING URL,,live,
https://asbestosremovalsinlondon.co.uk/asbestos-removal-clapham.html,asbestos-removal-clapham.html,sub-area/location,asbestos removal,Clapham,asbestos removal clapham,/locations.html,0,2,1.5,asbestosremovalsinlondon.co.uk,SAFE TO REWORK,KEEP EXISTING URL,,live,
https://asbestosremovalsinlondon.co.uk/asbestos-removal-vauxhall.html,asbestos-removal-vauxhall.html,sub-area/location,asbestos removal,Vauxhall,asbestos removal vauxhall,/locations.html,0,2,20.5,asbestosremovalsinlondon.co.uk,SAFE TO REWORK,KEEP EXISTING URL,,live,
https://asbestosremovalsinlondon.co.uk/asbestos-removal-forest-gate.html,asbestos-removal-forest-gate.html,sub-area/location,asbestos removal,Forest Gate,asbestos removal forest gate,/locations.html,0,2,7.5,asbestosremovalsinlondon.co.uk,SAFE TO REWORK,KEEP EXISTING URL,,live,
https://asbestosremovalsinlondon.co.uk/asbestos-removal-bermondsey.html,asbestos-removal-bermondsey.html,sub-area/location,asbestos removal,Bermondsey,asbestos removal bermondsey,/locations.html,0,2,27,asbestosremovalsinlondon.co.uk,SAFE TO REWORK,KEEP EXISTING URL,,live,
https://asbestosremovalsinlondon.co.uk/privacy-policy.html,privacy-policy.html,utility,,,,/,0,1,10,asbestosremovalsinlondon.co.uk,SAFE TO REWORK,KEEP EXISTING URL,,live,
https://asbestosremovalsinlondon.co.uk/asbestos-removal-kilburn.html,asbestos-removal-kilburn.html,sub-area/location,asbestos removal,Kilburn,asbestos removal kilburn,/locations.html,0,1,13,asbestosremovalsinlondon.co.uk,SAFE TO REWORK,KEEP EXISTING URL,,live,
https://asbestosremovalsinlondon.co.uk/asbestos-removal-harlesden.html,asbestos-removal-harlesden.html,sub-area/location,asbestos removal,Harlesden,asbestos removal harlesden,/locations.html,0,1,9,asbestosremovalsinlondon.co.uk,SAFE TO REWORK,KEEP EXISTING URL,,live,
https://asbestosremovalsinlondon.co.uk/asbestos-removal-hampstead.html,asbestos-removal-hampstead.html,sub-area/location,asbestos removal,Hampstead,asbestos removal hampstead,/locations.html,0,1,30,asbestosremovalsinlondon.co.uk,SAFE TO REWORK,KEEP EXISTING URL,,live,
https://asbestosremovalsinlondon.co.uk/asbestos-removal-acton.html,asbestos-removal-acton.html,sub-area/location,asbestos removal,Acton,asbestos removal acton,/locations.html,0,1,78,asbestosremovalsinlondon.co.uk,SAFE TO REWORK,KEEP EXISTING URL,,live,
https://asbestosremovalsinlondon.co.uk/asbestos-removal-palmers-green.html,asbestos-removal-palmers-green.html,sub-area/location,asbestos removal,Palmers Green,asbestos removal palmers green,/locations.html,0,1,5,asbestosremovalsinlondon.co.uk,SAFE TO REWORK,KEEP EXISTING URL,,live,
https://asbestosremovalsinlondon.co.uk/asbestos-removal-stanmore.html,asbestos-removal-stanmore.html,sub-area/location,asbestos removal,Stanmore,asbestos removal stanmore,/locations.html,0,1,4,asbestosremovalsinlondon.co.uk,SAFE TO REWORK,KEEP EXISTING URL,,live,
https://asbestosremovalsinlondon.co.uk/asbestos-removal-feltham.html,asbestos-removal-feltham.html,sub-area/location,asbestos removal,Feltham,asbestos removal feltham,/locations.html,0,1,100,asbestosremovalsinlondon.co.uk,SAFE TO REWORK,KEEP EXISTING URL,,live,
https://asbestosremovalsinlondon.co.uk/asbestos-removal-holloway.html,asbestos-removal-holloway.html,sub-area/location,asbestos removal,Holloway,asbestos removal holloway,/locations.html,0,1,13,asbestosremovalsinlondon.co.uk,SAFE TO REWORK,KEEP EXISTING URL,,live,
https://asbestosremovalsinlondon.co.uk/asbestos-removal-morden.html,asbestos-removal-morden.html,sub-area/location,asbestos removal,Morden,asbestos removal morden,/locations.html,0,1,48,asbestosremovalsinlondon.co.uk,SAFE TO REWORK,KEEP EXISTING URL,,live,
https://asbestosremovalsinlondon.co.uk/asbestos-removal-bow.html,asbestos-removal-bow.html,sub-area/location,asbestos removal,Bow,asbestos removal bow,/locations.html,0,1,42,asbestosremovalsinlondon.co.uk,SAFE TO REWORK,KEEP EXISTING URL,,live,
https://asbestosremovalsinlondon.co.uk/asbestos-removal-marylebone.html,asbestos-removal-marylebone.html,sub-area/location,asbestos removal,Marylebone,asbestos removal marylebone,/locations.html,0,1,6,asbestosremovalsinlondon.co.uk,SAFE TO REWORK,KEEP EXISTING URL,,live,
https://asbestosremovalsinlondon.co.uk/asbestos-artex-removal-ilford.html,asbestos-artex-removal-ilford.html,service/support,asbestos artex removal ilford,,asbestos artex removal ilford,/asbestos-removal-services.html,0,1,25,asbestosremovalsinlondon.co.uk,SAFE TO REWORK,KEEP EXISTING URL,,live,
https://asbestosremovalsinlondon.co.uk/other-helpful-links.html,other-helpful-links.html,utility,,,,/,0,0,,,SAFE TO REWORK,KEEP EXISTING URL,,live,
https://asbestosremovalsinlondon.co.uk/asbestos-removal-kensington-and-chelsea-london.html,asbestos-removal-kensington-and-chelsea-london.html,borough/region,asbestos removal,Kensington And Chelsea,asbestos removal kensington and chelsea,/locations.html,0,0,,,SAFE TO REWORK,KEEP EXISTING URL,,live,
https://asbestosremovalsinlondon.co.uk/asbestos-removal-westminster-london.html,asbestos-removal-westminster-london.html,borough/region,asbestos removal,Westminster,asbestos removal westminster,/locations.html,0,0,,,SAFE TO REWORK,KEEP EXISTING URL,,live,
https://asbestosremovalsinlondon.co.uk/asbestos-removal-finchley.html,asbestos-removal-finchley.html,sub-area/location,asbestos removal,Finchley,asbestos removal finchley,/locations.html,0,0,,,SAFE TO REWORK,KEEP EXISTING URL,,live,
https://asbestosremovalsinlondon.co.uk/asbestos-removal-edgware.html,asbestos-removal-edgware.html,sub-area/location,asbestos removal,Edgware,asbestos removal edgware,/locations.html,0,0,,,SAFE TO REWORK,KEEP EXISTING URL,,live,
https://asbestosremovalsinlondon.co.uk/asbestos-removal-north-finchley.html,asbestos-removal-north-finchley.html,sub-area/location,asbestos removal,North Finchley,asbestos removal north finchley,/locations.html,0,0,,,SAFE TO REWORK,KEEP EXISTING URL,,live,
https://asbestosremovalsinlondon.co.uk/asbestos-removal-swiss-cottage.html,asbestos-removal-swiss-cottage.html,sub-area/location,asbestos removal,Swiss Cottage,asbestos removal swiss cottage,/locations.html,0,0,,,SAFE TO REWORK,KEEP EXISTING URL,,live,
https://asbestosremovalsinlondon.co.uk/asbestos-removal-croydon.html,asbestos-removal-croydon.html,sub-area/location,asbestos removal,Croydon,asbestos removal croydon,/locations.html,0,0,,,SAFE TO REWORK,KEEP EXISTING URL,,live,
https://asbestosremovalsinlondon.co.uk/asbestos-removal-thornton-heath.html,asbestos-removal-thornton-heath.html,sub-area/location,asbestos removal,Thornton Heath,asbestos removal thornton heath,/locations.html,0,0,,,SAFE TO REWORK,KEEP EXISTING URL,,live,
https://asbestosremovalsinlondon.co.uk/asbestos-removal-south-norwood.html,asbestos-removal-south-norwood.html,sub-area/location,asbestos removal,South Norwood,asbestos removal south norwood,/locations.html,0,0,,,SAFE TO REWORK,KEEP EXISTING URL,,live,
https://asbestosremovalsinlondon.co.uk/asbestos-removal-enfield-town.html,asbestos-removal-enfield-town.html,sub-area/location,asbestos removal,Enfield Town,asbestos removal enfield town,/locations.html,0,0,,,SAFE TO REWORK,KEEP EXISTING URL,,live,
https://asbestosremovalsinlondon.co.uk/asbestos-removal-edmonton.html,asbestos-removal-edmonton.html,sub-area/location,asbestos removal,Edmonton,asbestos removal edmonton,/locations.html,0,0,,,SAFE TO REWORK,KEEP EXISTING URL,,live,
https://asbestosremovalsinlondon.co.uk/asbestos-removal-hackney-central.html,asbestos-removal-hackney-central.html,sub-area/location,asbestos removal,Hackney Central,asbestos removal hackney central,/locations.html,0,0,,,SAFE TO REWORK,KEEP EXISTING URL,,live,
https://asbestosremovalsinlondon.co.uk/asbestos-removal-shoreditch.html,asbestos-removal-shoreditch.html,sub-area/location,asbestos removal,Shoreditch,asbestos removal shoreditch,/locations.html,0,0,,,SAFE TO REWORK,KEEP EXISTING URL,,live,
https://asbestosremovalsinlondon.co.uk/asbestos-removal-fulham.html,asbestos-removal-fulham.html,sub-area/location,asbestos removal,Fulham,asbestos removal fulham,/locations.html,0,0,,,SAFE TO REWORK,KEEP EXISTING URL,,live,
https://asbestosremovalsinlondon.co.uk/asbestos-removal-white-city.html,asbestos-removal-white-city.html,sub-area/location,asbestos removal,White City,asbestos removal white city,/locations.html,0,0,,,SAFE TO REWORK,KEEP EXISTING URL,,live,
https://asbestosremovalsinlondon.co.uk/asbestos-removal-tottenham.html,asbestos-removal-tottenham.html,sub-area/location,asbestos removal,Tottenham,asbestos removal tottenham,/locations.html,0,0,,,SAFE TO REWORK,KEEP EXISTING URL,,live,
https://asbestosremovalsinlondon.co.uk/asbestos-removal-crouch-end.html,asbestos-removal-crouch-end.html,sub-area/location,asbestos removal,Crouch End,asbestos removal crouch end,/locations.html,0,0,,,SAFE TO REWORK,KEEP EXISTING URL,,live,
https://asbestosremovalsinlondon.co.uk/asbestos-removal-muswell-hill.html,asbestos-removal-muswell-hill.html,sub-area/location,asbestos removal,Muswell Hill,asbestos removal muswell hill,/locations.html,0,0,,,SAFE TO REWORK,KEEP EXISTING URL,,live,
https://asbestosremovalsinlondon.co.uk/asbestos-removal-harrow.html,asbestos-removal-harrow.html,sub-area/location,asbestos removal,Harrow,asbestos removal harrow,/locations.html,0,0,,,SAFE TO REWORK,KEEP EXISTING URL,,live,
https://asbestosremovalsinlondon.co.uk/asbestos-removal-pinner.html,asbestos-removal-pinner.html,sub-area/location,asbestos removal,Pinner,asbestos removal pinner,/locations.html,0,0,,,SAFE TO REWORK,KEEP EXISTING URL,,live,
https://asbestosremovalsinlondon.co.uk/asbestos-removal-wealdstone.html,asbestos-removal-wealdstone.html,sub-area/location,asbestos removal,Wealdstone,asbestos removal wealdstone,/locations.html,0,0,,,SAFE TO REWORK,KEEP EXISTING URL,,live,
https://asbestosremovalsinlondon.co.uk/asbestos-removal-rainham.html,asbestos-removal-rainham.html,sub-area/location,asbestos removal,Rainham,asbestos removal rainham,/locations.html,0,0,,,SAFE TO REWORK,KEEP EXISTING URL,,live,
https://asbestosremovalsinlondon.co.uk/asbestos-removal-hounslow.html,asbestos-removal-hounslow.html,sub-area/location,asbestos removal,Hounslow,asbestos removal hounslow,/locations.html,0,0,,,SAFE TO REWORK,KEEP EXISTING URL,,live,
https://asbestosremovalsinlondon.co.uk/asbestos-removal-angel.html,asbestos-removal-angel.html,sub-area/location,asbestos removal,Angel,asbestos removal angel,/locations.html,0,0,,,SAFE TO REWORK,KEEP EXISTING URL,,live,
https://asbestosremovalsinlondon.co.uk/asbestos-removal-finsbury-park.html,asbestos-removal-finsbury-park.html,sub-area/location,asbestos removal,Finsbury Park,asbestos removal finsbury park,/locations.html,0,0,,,SAFE TO REWORK,KEEP EXISTING URL,,live,
https://asbestosremovalsinlondon.co.uk/asbestos-removal-kensington.html,asbestos-removal-kensington.html,sub-area/location,asbestos removal,Kensington,asbestos removal kensington,/locations.html,0,0,,,SAFE TO REWORK,KEEP EXISTING URL,,live,
https://asbestosremovalsinlondon.co.uk/asbestos-removal-notting-hill.html,asbestos-removal-notting-hill.html,sub-area/location,asbestos removal,Notting Hill,asbestos removal notting hill,/locations.html,0,0,,,SAFE TO REWORK,KEEP EXISTING URL,,live,
https://asbestosremovalsinlondon.co.uk/asbestos-removal-north-kensington.html,asbestos-removal-north-kensington.html,sub-area/location,asbestos removal,North Kensington,asbestos removal north kensington,/locations.html,0,0,,,SAFE TO REWORK,KEEP EXISTING URL,,live,
https://asbestosremovalsinlondon.co.uk/asbestos-removal-chessington.html,asbestos-removal-chessington.html,sub-area/location,asbestos removal,Chessington,asbestos removal chessington,/locations.html,0,0,,,SAFE TO REWORK,KEEP EXISTING URL,,live,
https://asbestosremovalsinlondon.co.uk/asbestos-removal-deptford.html,asbestos-removal-deptford.html,sub-area/location,asbestos removal,Deptford,asbestos removal deptford,/locations.html,0,0,,,SAFE TO REWORK,KEEP EXISTING URL,,live,
https://asbestosremovalsinlondon.co.uk/asbestos-removal-mitcham.html,asbestos-removal-mitcham.html,sub-area/location,asbestos removal,Mitcham,asbestos removal mitcham,/locations.html,0,0,,,SAFE TO REWORK,KEEP EXISTING URL,,live,
https://asbestosremovalsinlondon.co.uk/asbestos-removal-canning-town.html,asbestos-removal-canning-town.html,sub-area/location,asbestos removal,Canning Town,asbestos removal canning town,/locations.html,0,0,,,SAFE TO REWORK,KEEP EXISTING URL,,live,
https://asbestosremovalsinlondon.co.uk/asbestos-removal-peckham.html,asbestos-removal-peckham.html,sub-area/location,asbestos removal,Peckham,asbestos removal peckham,/locations.html,0,0,,,SAFE TO REWORK,KEEP EXISTING URL,,live,
https://asbestosremovalsinlondon.co.uk/asbestos-removal-dulwich.html,asbestos-removal-dulwich.html,sub-area/location,asbestos removal,Dulwich,asbestos removal dulwich,/locations.html,0,0,,,SAFE TO REWORK,KEEP EXISTING URL,,live,
https://asbestosremovalsinlondon.co.uk/asbestos-removal-leytonstone.html,asbestos-removal-leytonstone.html,sub-area/location,asbestos removal,Leytonstone,asbestos removal leytonstone,/locations.html,0,0,,,SAFE TO REWORK,KEEP EXISTING URL,,live,
https://asbestosremovalsinlondon.co.uk/asbestos-removal-westminster.html,asbestos-removal-westminster.html,sub-area/location,asbestos removal,Westminster,asbestos removal westminster,/locations.html,0,0,,,SAFE TO REWORK,KEEP EXISTING URL,,live,
https://asbestosremovalsinlondon.co.uk/asbestos-removal-paddington.html,asbestos-removal-paddington.html,sub-area/location,asbestos removal,Paddington,asbestos removal paddington,/locations.html,0,0,,,SAFE TO REWORK,KEEP EXISTING URL,,live,
https://asbestosremovalsinlondon.co.uk/asbestos-aib-removal-tooting.html,asbestos-aib-removal-tooting.html,service/support,asbestos aib removal tooting,,asbestos aib removal tooting,/asbestos-removal-services.html,0,0,,,SAFE TO REWORK,KEEP EXISTING URL,,live,
https://asbestosremovalsinlondon.co.uk/asbestos-soffit-removal-harrow.html,asbestos-soffit-removal-harrow.html,service/support,asbestos soffit removal harrow,,asbestos soffit removal harrow,/asbestos-removal-services.html,0,0,,,SAFE TO REWORK,KEEP EXISTING URL,,live,