path,canonical,title,h1,primary_image,status
asbestos-aib-removal-battersea.html,https://asbestosremovalsinlondon.co.uk/asbestos-aib-removal-battersea.html,Asbestos AIB Removal Battersea | London Removal Quotes,Asbestos AIB Removal Battersea,/media/asbestos-aib-removal-battersea-commercial-ceiling-area.webp,Existing; preserved
asbestos-aib-removal-london.html,https://asbestosremovalsinlondon.co.uk/asbestos-aib-removal-london.html,Asbestos AIB Removal London | Free Quote,Asbestos AIB Removal London,/media/asbestos-aib-removal-london-fireplace-opening.webp,Existing; preserved
asbestos-aib-removal-tooting.html,https://asbestosremovalsinlondon.co.uk/asbestos-aib-removal-tooting.html,Asbestos AIB Removal Tooting | London Removal Quotes,Asbestos AIB Removal Tooting,/media/asbestos-aib-removal-tooting-doorway-panel.webp,Existing; preserved
asbestos-aib-soffit-removal-london.html,https://asbestosremovalsinlondon.co.uk/asbestos-aib-soffit-removal-london.html,Asbestos Soffit Removal London | AIB & Cement,Asbestos Soffit Removal London,/asbestos-aib-soffit-removal-london.webp,Existing; preserved
asbestos-artex-removal-ilford.html,https://asbestosremovalsinlondon.co.uk/asbestos-artex-removal-ilford.html,Asbestos Artex Removal Ilford | Textured Coating Quotes,Asbestos Artex Removal Ilford,/media/asbestos-artex-removal-ilford-textured-ceiling-room.webp,Existing; preserved
asbestos-artex-removal-london.html,https://asbestosremovalsinlondon.co.uk/asbestos-artex-removal-london.html,Asbestos Artex Removal London | Ceiling & Wall Quotes,Asbestos Artex Removal London,/asbestos-artex-removal-london-textured-ceiling.webp,Existing; preserved
asbestos-artex-removal-twickenham.html,https://asbestosremovalsinlondon.co.uk/asbestos-artex-removal-twickenham.html,Asbestos Artex Removal Twickenham | TW1 & TW2 Quote,Asbestos Artex Removal Twickenham,/media/asbestos-artex-removal-twickenham-twickenham-station-tw1.jpg,Existing; preserved
asbestos-floor-removal-london.html,https://asbestosremovalsinlondon.co.uk/asbestos-floor-removal-london.html,Asbestos Floor Tile Removal London | Adhesive Quotes,Asbestos Floor Tile Removal London,/media/asbestos-floor-tile-removal-london-black-bitumen.webp,Existing; preserved
asbestos-floor-tile-removal-uxbridge.html,https://asbestosremovalsinlondon.co.uk/asbestos-floor-tile-removal-uxbridge.html,Asbestos Floor Tile Removal Uxbridge | Tiles & Bitumen,Asbestos Floor Tile Removal Uxbridge,/media/asbestos-floor-tile-removal-uxbridge-floor-edge-adhesive.webp,Existing; preserved
asbestos-garage-removal-in-london.html,https://asbestosremovalsinlondon.co.uk/asbestos-garage-removal-in-london.html,Asbestos Garage Removal London | Roof or Full Garage,Asbestos Garage Removal London,/media/asbestos-cement-garage-removal-london.webp,Existing; preserved
asbestos-garage-roof-removal-in-london.html,https://asbestosremovalsinlondon.co.uk/asbestos-garage-roof-removal-in-london.html,Asbestos Garage Roof Removal London | Get a Quote,Asbestos Garage Roof Removal London,/asbestos-garage-roof-london.webp,Existing; preserved
asbestos-pipe-removal-london.html,https://asbestosremovalsinlondon.co.uk/asbestos-pipe-removal-london.html,Asbestos Pipe Lagging Removal London | Free Quote,Asbestos Pipe Lagging Removal London,/media/asbestos-pipe-lagging-removal-london-westminster-sw1a.webp,Existing; preserved
asbestos-removal-acton.html,https://asbestosremovalsinlondon.co.uk/asbestos-removal-acton.html,Asbestos Removal Acton | Free London Quote,Asbestos Removal Acton,/asbestos-removal-london-enclosure-hero.webp,Existing; preserved
asbestos-removal-angel.html,https://asbestosremovalsinlondon.co.uk/asbestos-removal-angel.html,Asbestos Removal Angel | Free London Quote,Asbestos Removal Angel,/media/asbestos-artex-removal-angel-angel-centre-n1.webp,22-page V3 repair; live HTTP and desktop/mobile QA passed
asbestos-removal-barking-and-dagenham-london.html,https://asbestosremovalsinlondon.co.uk/asbestos-removal-barking-and-dagenham-london.html,Asbestos Removal Barking and Dagenham | London Quote,Asbestos Removal Barking and Dagenham,/asbestos-removal-london-enclosure-hero.webp,Existing; preserved
asbestos-removal-barking.html,https://asbestosremovalsinlondon.co.uk/asbestos-removal-barking.html,Asbestos Removal Barking | Free London Quote,Asbestos Removal Barking,/asbestos-removal-london-enclosure-hero.webp,Existing; preserved
asbestos-removal-barkingside.html,https://asbestosremovalsinlondon.co.uk/asbestos-removal-barkingside.html,Asbestos Removal Barkingside | Free London Quote,Asbestos Removal Barkingside,/asbestos-removal-london-enclosure-hero.webp,Existing; preserved
asbestos-removal-barnes.html,https://asbestosremovalsinlondon.co.uk/asbestos-removal-barnes.html,Asbestos Removal Barnes | Free London Quote,Asbestos Removal Barnes,/asbestos-removal-london-enclosure-hero.webp,Existing; preserved
asbestos-removal-barnet-london.html,https://asbestosremovalsinlondon.co.uk/asbestos-removal-barnet-london.html,Asbestos Removal Barnet | North London Borough Quote,Asbestos Removal Barnet,/media/asbestos-floor-tile-removal-barnet-london-high-barnet-en5.webp,22-page V3 repair; live HTTP and desktop/mobile QA passed
asbestos-removal-battersea.html,https://asbestosremovalsinlondon.co.uk/asbestos-removal-battersea.html,Asbestos Removal Battersea | Free London Quote,Asbestos Removal Battersea,/asbestos-removal-london-enclosure-hero.webp,Existing; preserved
asbestos-removal-beckenham.html,https://asbestosremovalsinlondon.co.uk/asbestos-removal-beckenham.html,Asbestos Removal Beckenham | Free London Quote,Asbestos Removal Beckenham,/asbestos-removal-london-enclosure-hero.webp,Existing; preserved
asbestos-removal-becontree.html,https://asbestosremovalsinlondon.co.uk/asbestos-removal-becontree.html,Asbestos Removal Becontree | Free London Quote,Asbestos Removal Becontree,/asbestos-removal-london-enclosure-hero.webp,Existing; preserved
asbestos-removal-bermondsey.html,https://asbestosremovalsinlondon.co.uk/asbestos-removal-bermondsey.html,Asbestos Removal Bermondsey | Free London Quote,Asbestos Removal Bermondsey,/asbestos-removal-london-enclosure-hero.webp,Existing; preserved
asbestos-removal-bethnal-green.html,https://asbestosremovalsinlondon.co.uk/asbestos-removal-bethnal-green.html,Asbestos Removal Bethnal Green | Free London Quote,Asbestos Removal Bethnal Green,/asbestos-removal-london-enclosure-hero.webp,Existing; preserved
asbestos-removal-bexley-london.html,https://asbestosremovalsinlondon.co.uk/asbestos-removal-bexley-london.html,Asbestos Removal Bexley | London Quote,Asbestos Removal Bexley,/asbestos-removal-london-enclosure-hero.webp,Existing; preserved
asbestos-removal-bexleyheath.html,https://asbestosremovalsinlondon.co.uk/asbestos-removal-bexleyheath.html,Asbestos Removal Bexleyheath | Free London Quote,Asbestos Removal Bexleyheath,/asbestos-removal-london-enclosure-hero.webp,Existing; preserved
asbestos-removal-bow.html,https://asbestosremovalsinlondon.co.uk/asbestos-removal-bow.html,Asbestos Removal Bow | Free London Quote,Asbestos Removal Bow,/asbestos-removal-london-enclosure-hero.webp,Existing; preserved
asbestos-removal-brent-london.html,https://asbestosremovalsinlondon.co.uk/asbestos-removal-brent-london.html,Asbestos Removal Brent | London Quote,Asbestos Removal Brent,/asbestos-removal-london-enclosure-hero.webp,Existing; preserved
asbestos-removal-brentford.html,https://asbestosremovalsinlondon.co.uk/asbestos-removal-brentford.html,Asbestos Removal Brentford | Free London Quote,Asbestos Removal Brentford,/asbestos-removal-london-enclosure-hero.webp,Existing; preserved
asbestos-removal-brixton.html,https://asbestosremovalsinlondon.co.uk/asbestos-removal-brixton.html,Asbestos Removal Brixton | Free London Quote,Asbestos Removal Brixton,/asbestos-removal-london-enclosure-hero.webp,Existing; preserved
asbestos-removal-bromley-london.html,https://asbestosremovalsinlondon.co.uk/asbestos-removal-bromley-london.html,Asbestos Removal Bromley | London Quote,Asbestos Removal Bromley,/asbestos-removal-london-enclosure-hero.webp,Existing; preserved
asbestos-removal-bromley.html,https://asbestosremovalsinlondon.co.uk/asbestos-removal-bromley.html,Asbestos Removal Bromley | Free London Quote,Asbestos Removal Bromley,/asbestos-removal-london-enclosure-hero.webp,Existing; preserved
asbestos-removal-camden-london.html,https://asbestosremovalsinlondon.co.uk/asbestos-removal-camden-london.html,Asbestos Removal Camden | London Quote,Asbestos Removal Camden,/asbestos-removal-london-enclosure-hero.webp,Existing; preserved
asbestos-removal-camden-town.html,https://asbestosremovalsinlondon.co.uk/asbestos-removal-camden-town.html,Asbestos Removal Camden Town | Free London Quote,Asbestos Removal Camden Town,/asbestos-removal-london-enclosure-hero.webp,Existing; preserved
asbestos-removal-canary-wharf.html,https://asbestosremovalsinlondon.co.uk/asbestos-removal-canary-wharf.html,Asbestos Removal Canary Wharf | Free London Quote,Asbestos Removal Canary Wharf,/asbestos-removal-london-enclosure-hero.webp,Existing; preserved
asbestos-removal-canning-town.html,https://asbestosremovalsinlondon.co.uk/asbestos-removal-canning-town.html,Asbestos Removal Canning Town | Free London Quote,Asbestos Removal Canning Town,/asbestos-removal-london-enclosure-hero.webp,Existing; preserved
asbestos-removal-carshalton.html,https://asbestosremovalsinlondon.co.uk/asbestos-removal-carshalton.html,Asbestos Removal Carshalton | Free London Quote,Asbestos Removal Carshalton,/asbestos-removal-london-enclosure-hero.webp,Existing; preserved
asbestos-removal-catford.html,https://asbestosremovalsinlondon.co.uk/asbestos-removal-catford.html,Asbestos Removal Catford | Free London Quote,Asbestos Removal Catford,/asbestos-removal-london-enclosure-hero.webp,Existing; preserved
asbestos-removal-chadwell-heath.html,https://asbestosremovalsinlondon.co.uk/asbestos-removal-chadwell-heath.html,Asbestos Removal Chadwell Heath | Free London Quote,Asbestos Removal Chadwell Heath,/asbestos-removal-london-enclosure-hero.webp,Existing; preserved
asbestos-removal-cheam.html,https://asbestosremovalsinlondon.co.uk/asbestos-removal-cheam.html,Asbestos Removal Cheam | Free London Quote,Asbestos Removal Cheam,/asbestos-removal-london-enclosure-hero.webp,Existing; preserved
asbestos-removal-chelsea.html,https://asbestosremovalsinlondon.co.uk/asbestos-removal-chelsea.html,Asbestos Removal Chelsea | Free London Quote,Asbestos Removal Chelsea,/asbestos-removal-london-enclosure-hero.webp,Existing; preserved
asbestos-removal-chessington.html,https://asbestosremovalsinlondon.co.uk/asbestos-removal-chessington.html,Asbestos Removal Chessington | Free London Quote,Asbestos Removal Chessington,/media/asbestos-garage-roof-removal-chessington-chessington-centre-kt9.webp,22-page V3 repair; live HTTP and desktop/mobile QA passed
asbestos-removal-chingford.html,https://asbestosremovalsinlondon.co.uk/asbestos-removal-chingford.html,Asbestos Removal Chingford | Free London Quote,Asbestos Removal Chingford,/asbestos-removal-london-enclosure-hero.webp,Existing; preserved
asbestos-removal-chiswick.html,https://asbestosremovalsinlondon.co.uk/asbestos-removal-chiswick.html,Asbestos Removal Chiswick | W4 Free Quote,Asbestos Removal Chiswick,/media/asbestos-removal-chiswick-turnham-green-w4.webp,Existing; preserved
asbestos-removal-clapham.html,https://asbestosremovalsinlondon.co.uk/asbestos-removal-clapham.html,Asbestos Removal Clapham | Free London Quote,Asbestos Removal Clapham,/asbestos-removal-london-enclosure-hero.webp,Existing; preserved
asbestos-removal-colliers-wood.html,https://asbestosremovalsinlondon.co.uk/asbestos-removal-colliers-wood.html,Asbestos Removal Colliers Wood | Free London Quote,Asbestos Removal Colliers Wood,/asbestos-removal-london-enclosure-hero.webp,Existing; preserved
asbestos-removal-crouch-end.html,https://asbestosremovalsinlondon.co.uk/asbestos-removal-crouch-end.html,Asbestos Removal Crouch End | Free London Quote,Asbestos Removal Crouch End,/media/asbestos-textured-coating-removal-crouch-end-crouch-end-centre-n8.webp,22-page V3 repair; live HTTP and desktop/mobile QA passed
asbestos-removal-croydon-london.html,https://asbestosremovalsinlondon.co.uk/asbestos-removal-croydon-london.html,Asbestos Removal Croydon | Borough Free Quote,Asbestos Removal Croydon,/media/asbestos-garage-roof-removal-croydon-london-east-croydon-cr0.webp,22-page V3 repair; live HTTP and desktop/mobile QA passed
asbestos-removal-croydon.html,https://asbestosremovalsinlondon.co.uk/asbestos-removal-croydon.html,Asbestos Removal Croydon | Free London Quote,Asbestos Removal Croydon,/media/asbestos-floor-tile-removal-croydon-croydon-centre-cr0.webp,22-page V3 repair; live HTTP and desktop/mobile QA passed
asbestos-removal-dagenham.html,https://asbestosremovalsinlondon.co.uk/asbestos-removal-dagenham.html,Asbestos Removal Dagenham | Free London Quote,Asbestos Removal Dagenham,/asbestos-removal-london-enclosure-hero.webp,Existing; preserved
asbestos-removal-dalston.html,https://asbestosremovalsinlondon.co.uk/asbestos-removal-dalston.html,Asbestos Removal Dalston | Free London Quote,Asbestos Removal Dalston,/asbestos-removal-london-enclosure-hero.webp,Existing; preserved
asbestos-removal-deptford.html,https://asbestosremovalsinlondon.co.uk/asbestos-removal-deptford.html,Asbestos Removal Deptford | Free London Quote,Asbestos Removal Deptford,/asbestos-removal-london-enclosure-hero.webp,Existing; preserved
asbestos-removal-dulwich.html,https://asbestosremovalsinlondon.co.uk/asbestos-removal-dulwich.html,Asbestos Removal Dulwich | Free London Quote,Asbestos Removal Dulwich,/asbestos-removal-london-enclosure-hero.webp,Existing; preserved
asbestos-removal-ealing-london.html,https://asbestosremovalsinlondon.co.uk/asbestos-removal-ealing-london.html,Asbestos Removal Ealing | London Quote,Asbestos Removal Ealing,/media/asbestos-roof-removal-ealing-london-ealing-borough-centre-w5.webp,22-page V3 repair; live HTTP and desktop/mobile QA passed
asbestos-removal-ealing.html,https://asbestosremovalsinlondon.co.uk/asbestos-removal-ealing.html,Asbestos Removal Ealing | Free London Quote,Asbestos Removal Ealing,/asbestos-removal-london-enclosure-hero.webp,Existing; preserved
asbestos-removal-east-ham.html,https://asbestosremovalsinlondon.co.uk/asbestos-removal-east-ham.html,Asbestos Removal East Ham | Free London Quote,Asbestos Removal East Ham,/asbestos-removal-london-enclosure-hero.webp,Existing; preserved
asbestos-removal-east-london.html,https://asbestosremovalsinlondon.co.uk/asbestos-removal-east-london.html,Asbestos Removal East London | Free Quote,Asbestos Removal East London,/media/asbestos-removal-east-london-mile-end-e3.webp,Existing; preserved
asbestos-removal-edgware.html,https://asbestosremovalsinlondon.co.uk/asbestos-removal-edgware.html,Asbestos Removal Edgware | Free London Quote,Asbestos Removal Edgware,/asbestos-removal-london-enclosure-hero.webp,Existing; preserved
asbestos-removal-edmonton.html,https://asbestosremovalsinlondon.co.uk/asbestos-removal-edmonton.html,Asbestos Removal Edmonton | Free London Quote,Asbestos Removal Edmonton,/asbestos-removal-london-enclosure-hero.webp,Existing; preserved
asbestos-removal-eltham.html,https://asbestosremovalsinlondon.co.uk/asbestos-removal-eltham.html,Asbestos Removal Eltham | Free London Quote,Asbestos Removal Eltham,/asbestos-removal-london-enclosure-hero.webp,Existing; preserved
asbestos-removal-enfield-london.html,https://asbestosremovalsinlondon.co.uk/asbestos-removal-enfield-london.html,Asbestos Removal Enfield | London Quote,Asbestos Removal Enfield,/asbestos-removal-london-enclosure-hero.webp,Existing; preserved
asbestos-removal-enfield-town.html,https://asbestosremovalsinlondon.co.uk/asbestos-removal-enfield-town.html,Asbestos Removal Enfield Town | Free London Quote,Asbestos Removal Enfield Town,/asbestos-removal-london-enclosure-hero.webp,Existing; preserved
asbestos-removal-erith.html,https://asbestosremovalsinlondon.co.uk/asbestos-removal-erith.html,Asbestos Removal Erith | Free London Quote,Asbestos Removal Erith,/asbestos-removal-london-enclosure-hero.webp,Existing; preserved
asbestos-removal-essex.html,https://asbestosremovalsinlondon.co.uk/asbestos-removal-essex.html,Asbestos Removal Essex | Asbestos Removals London UK,Asbestos Removal Essex,/asbestos-removal-london-enclosure-hero.webp,Existing; preserved
asbestos-removal-feltham.html,https://asbestosremovalsinlondon.co.uk/asbestos-removal-feltham.html,Asbestos Removal Feltham | Free London Quote,Asbestos Removal Feltham,/asbestos-removal-london-enclosure-hero.webp,Existing; preserved
asbestos-removal-finchley.html,https://asbestosremovalsinlondon.co.uk/asbestos-removal-finchley.html,Asbestos Removal Finchley | Free London Quote,Asbestos Removal Finchley,/asbestos-removal-london-enclosure-hero.webp,Existing; preserved
asbestos-removal-finsbury-park.html,https://asbestosremovalsinlondon.co.uk/asbestos-removal-finsbury-park.html,Asbestos Removal Finsbury Park | Free London Quote,Asbestos Removal Finsbury Park,/asbestos-removal-london-enclosure-hero.webp,Existing; preserved
asbestos-removal-forest-gate.html,https://asbestosremovalsinlondon.co.uk/asbestos-removal-forest-gate.html,Asbestos Removal Forest Gate | Free London Quote,Asbestos Removal Forest Gate,/asbestos-removal-london-enclosure-hero.webp,Existing; preserved
asbestos-removal-fulham.html,https://asbestosremovalsinlondon.co.uk/asbestos-removal-fulham.html,Asbestos Removal Fulham | Free London Quote,Asbestos Removal Fulham,/asbestos-removal-london-enclosure-hero.webp,Existing; preserved
asbestos-removal-greenford.html,https://asbestosremovalsinlondon.co.uk/asbestos-removal-greenford.html,Asbestos Removal Greenford | Free London Quote,Asbestos Removal Greenford,/asbestos-removal-london-enclosure-hero.webp,Existing; preserved
asbestos-removal-greenwich-london.html,https://asbestosremovalsinlondon.co.uk/asbestos-removal-greenwich-london.html,Asbestos Removal Greenwich | London Quote,Asbestos Removal Greenwich,/asbestos-removal-london-enclosure-hero.webp,Existing; preserved
asbestos-removal-greenwich.html,https://asbestosremovalsinlondon.co.uk/asbestos-removal-greenwich.html,Asbestos Removal Greenwich | Free London Quote,Asbestos Removal Greenwich,/asbestos-removal-london-enclosure-hero.webp,Existing; preserved
asbestos-removal-hackney-central.html,https://asbestosremovalsinlondon.co.uk/asbestos-removal-hackney-central.html,Asbestos Removal Hackney Central | Free London Quote,Asbestos Removal Hackney Central,/media/asbestos-aib-removal-hackney-central-hackney-central-e8.webp,22-page V3 repair; live HTTP and desktop/mobile QA passed
asbestos-removal-hackney-london.html,https://asbestosremovalsinlondon.co.uk/asbestos-removal-hackney-london.html,Asbestos Removal Hackney | London Quote,Asbestos Removal Hackney,/asbestos-removal-london-enclosure-hero.webp,Existing; preserved
asbestos-removal-hammersmith-and-fulham-london.html,https://asbestosremovalsinlondon.co.uk/asbestos-removal-hammersmith-and-fulham-london.html,Asbestos Removal Hammersmith and Fulham | London Quote,Asbestos Removal Hammersmith and Fulham,/asbestos-removal-london-enclosure-hero.webp,Existing; preserved
asbestos-removal-hammersmith.html,https://asbestosremovalsinlondon.co.uk/asbestos-removal-hammersmith.html,Asbestos Removal Hammersmith | Free London Quote,Asbestos Removal Hammersmith,/asbestos-removal-london-enclosure-hero.webp,Existing; preserved
asbestos-removal-hampstead.html,https://asbestosremovalsinlondon.co.uk/asbestos-removal-hampstead.html,Asbestos Removal Hampstead | Free London Quote,Asbestos Removal Hampstead,/asbestos-removal-london-enclosure-hero.webp,Existing; preserved
asbestos-removal-haringey-london.html,https://asbestosremovalsinlondon.co.uk/asbestos-removal-haringey-london.html,Asbestos Removal Haringey | London Quote,Asbestos Removal Haringey,/asbestos-removal-london-enclosure-hero.webp,Existing; preserved
asbestos-removal-harlesden.html,https://asbestosremovalsinlondon.co.uk/asbestos-removal-harlesden.html,Asbestos Removal Harlesden | Free London Quote,Asbestos Removal Harlesden,/asbestos-removal-london-enclosure-hero.webp,Existing; preserved
asbestos-removal-harrow-london.html,https://asbestosremovalsinlondon.co.uk/asbestos-removal-harrow-london.html,Asbestos Removal Harrow | London Quote,Asbestos Removal Harrow,/asbestos-removal-london-enclosure-hero.webp,Existing; preserved
asbestos-removal-harrow.html,https://asbestosremovalsinlondon.co.uk/asbestos-removal-harrow.html,Asbestos Removal Harrow | Free London Quote,Asbestos Removal Harrow,/asbestos-removal-london-enclosure-hero.webp,Existing; preserved
asbestos-removal-havering-london.html,https://asbestosremovalsinlondon.co.uk/asbestos-removal-havering-london.html,Asbestos Removal Havering | London Quote,Asbestos Removal Havering,/asbestos-removal-london-enclosure-hero.webp,Existing; preserved
asbestos-removal-hayes.html,https://asbestosremovalsinlondon.co.uk/asbestos-removal-hayes.html,Asbestos Removal Hayes | Free London Quote,Asbestos Removal Hayes,/asbestos-removal-london-enclosure-hero.webp,Existing; preserved
asbestos-removal-hendon.html,https://asbestosremovalsinlondon.co.uk/asbestos-removal-hendon.html,Asbestos Removal Hendon | Free London Quote,Asbestos Removal Hendon,/asbestos-removal-london-enclosure-hero.webp,Existing; preserved
asbestos-removal-highbury.html,https://asbestosremovalsinlondon.co.uk/asbestos-removal-highbury.html,Asbestos Removal Highbury | Free London Quote,Asbestos Removal Highbury,/asbestos-removal-london-enclosure-hero.webp,Existing; preserved
asbestos-removal-hillingdon-london.html,https://asbestosremovalsinlondon.co.uk/asbestos-removal-hillingdon-london.html,Asbestos Removal Hillingdon | London Quote,Asbestos Removal Hillingdon,/asbestos-removal-london-enclosure-hero.webp,Existing; preserved
asbestos-removal-holloway.html,https://asbestosremovalsinlondon.co.uk/asbestos-removal-holloway.html,Asbestos Removal Holloway | Free London Quote,Asbestos Removal Holloway,/asbestos-removal-london-enclosure-hero.webp,Existing; preserved
asbestos-removal-hornchurch.html,https://asbestosremovalsinlondon.co.uk/asbestos-removal-hornchurch.html,Asbestos Removal Hornchurch | Free London Quote,Asbestos Removal Hornchurch,/asbestos-removal-london-enclosure-hero.webp,Existing; preserved
asbestos-removal-hounslow-london.html,https://asbestosremovalsinlondon.co.uk/asbestos-removal-hounslow-london.html,Asbestos Removal Hounslow | London Quote,Asbestos Removal Hounslow,/asbestos-removal-london-enclosure-hero.webp,Existing; preserved
asbestos-removal-hounslow.html,https://asbestosremovalsinlondon.co.uk/asbestos-removal-hounslow.html,Asbestos Removal Hounslow | Free London Quote,Asbestos Removal Hounslow,/asbestos-removal-london-enclosure-hero.webp,Existing; preserved
asbestos-removal-ilford.html,https://asbestosremovalsinlondon.co.uk/asbestos-removal-ilford.html,Asbestos Removal Ilford | Free London Quote,Asbestos Removal Ilford,/asbestos-removal-london-enclosure-hero.webp,Existing; preserved
asbestos-removal-islington-london.html,https://asbestosremovalsinlondon.co.uk/asbestos-removal-islington-london.html,Asbestos Removal Islington | N1/N7 Borough Quote,Asbestos Removal Islington,/media/asbestos-removal-islington-canonbury-n1.webp,Existing; preserved
asbestos-removal-kensington-and-chelsea-london.html,https://asbestosremovalsinlondon.co.uk/asbestos-removal-kensington-and-chelsea-london.html,Asbestos Removal Kensington and Chelsea | London Quote,Asbestos Removal Kensington and Chelsea,/media/asbestos-removal-kensington-and-chelsea-london-kensington-borough-centre-w8.webp,22-page V3 repair; live HTTP and desktop/mobile QA passed
asbestos-removal-kensington.html,https://asbestosremovalsinlondon.co.uk/asbestos-removal-kensington.html,Asbestos Removal Kensington | Free London Quote,Asbestos Removal Kensington,/asbestos-removal-london-enclosure-hero.webp,Existing; preserved
asbestos-removal-kentish-town.html,https://asbestosremovalsinlondon.co.uk/asbestos-removal-kentish-town.html,Asbestos Removal Kentish Town | Free London Quote,Asbestos Removal Kentish Town,/asbestos-removal-london-enclosure-hero.webp,Existing; preserved
asbestos-removal-kilburn.html,https://asbestosremovalsinlondon.co.uk/asbestos-removal-kilburn.html,Asbestos Removal Kilburn | Free London Quote,Asbestos Removal Kilburn,/asbestos-removal-london-enclosure-hero.webp,Existing; preserved
asbestos-removal-kingston-upon-thames-london.html,https://asbestosremovalsinlondon.co.uk/asbestos-removal-kingston-upon-thames-london.html,Asbestos Removal Kingston upon Thames | Borough Quote,Asbestos Removal Kingston upon Thames,/media/asbestos-removal-kingston-upon-thames-tolworth-kt5.webp,Existing; preserved
asbestos-removal-kingston.html,https://asbestosremovalsinlondon.co.uk/asbestos-removal-kingston.html,Asbestos Removal Kingston | Kingston Town KT1,Asbestos Removal Kingston,/media/asbestos-artex-removal-kingston-clarence-street-kt1.webp,Existing; preserved
asbestos-removal-lambeth-london.html,https://asbestosremovalsinlondon.co.uk/asbestos-removal-lambeth-london.html,Asbestos Removal Lambeth | London Quote,Asbestos Removal Lambeth,/asbestos-removal-london-enclosure-hero.webp,Existing; preserved
asbestos-removal-lewisham-london.html,https://asbestosremovalsinlondon.co.uk/asbestos-removal-lewisham-london.html,Asbestos Removal Lewisham | London Quote,Asbestos Removal Lewisham,/asbestos-removal-london-enclosure-hero.webp,Existing; preserved
asbestos-removal-lewisham.html,https://asbestosremovalsinlondon.co.uk/asbestos-removal-lewisham.html,Asbestos Removal Lewisham | Free London Quote,Asbestos Removal Lewisham,/asbestos-removal-london-enclosure-hero.webp,Existing; preserved
asbestos-removal-leyton.html,https://asbestosremovalsinlondon.co.uk/asbestos-removal-leyton.html,Asbestos Removal Leyton | Free London Quote,Asbestos Removal Leyton,/asbestos-removal-london-enclosure-hero.webp,Existing; preserved
asbestos-removal-leytonstone.html,https://asbestosremovalsinlondon.co.uk/asbestos-removal-leytonstone.html,Asbestos Removal Leytonstone | Free London Quote,Asbestos Removal Leytonstone,/media/asbestos-floor-tile-removal-leytonstone-leytonstone-centre-e11.webp,22-page V3 repair; live HTTP and desktop/mobile QA passed
asbestos-removal-marylebone.html,https://asbestosremovalsinlondon.co.uk/asbestos-removal-marylebone.html,Asbestos Removal Marylebone | Free London Quote,Asbestos Removal Marylebone,/asbestos-removal-london-enclosure-hero.webp,Existing; preserved
asbestos-removal-merton-london.html,https://asbestosremovalsinlondon.co.uk/asbestos-removal-merton-london.html,Asbestos Removal Merton | London Quote,Asbestos Removal Merton,/asbestos-removal-london-enclosure-hero.webp,Existing; preserved
asbestos-removal-mitcham.html,https://asbestosremovalsinlondon.co.uk/asbestos-removal-mitcham.html,Asbestos Removal Mitcham | Free London Quote,Asbestos Removal Mitcham,/asbestos-removal-london-enclosure-hero.webp,Existing; preserved
asbestos-removal-morden.html,https://asbestosremovalsinlondon.co.uk/asbestos-removal-morden.html,Asbestos Removal Morden | Free London Quote,Asbestos Removal Morden,/asbestos-removal-london-enclosure-hero.webp,Existing; preserved
asbestos-removal-muswell-hill.html,https://asbestosremovalsinlondon.co.uk/asbestos-removal-muswell-hill.html,Asbestos Removal Muswell Hill | Free London Quote,Asbestos Removal Muswell Hill,/media/asbestos-textured-coating-removal-muswell-hill-muswell-hill-centre-n10.webp,22-page V3 repair; live HTTP and desktop/mobile QA passed
asbestos-removal-new-malden.html,https://asbestosremovalsinlondon.co.uk/asbestos-removal-new-malden.html,Asbestos Removal New Malden | KT3 Free Quote,Asbestos Removal New Malden,/media/asbestos-removal-new-malden-station-kt3.webp,Existing; preserved
asbestos-removal-newham-london.html,https://asbestosremovalsinlondon.co.uk/asbestos-removal-newham-london.html,Asbestos Removal Newham | London Quote,Asbestos Removal Newham,/asbestos-removal-london-enclosure-hero.webp,Existing; preserved
asbestos-removal-north-finchley.html,https://asbestosremovalsinlondon.co.uk/asbestos-removal-north-finchley.html,Asbestos Removal North Finchley | Free London Quote,Asbestos Removal North Finchley,/asbestos-removal-london-enclosure-hero.webp,Existing; preserved
asbestos-removal-north-kensington.html,https://asbestosremovalsinlondon.co.uk/asbestos-removal-north-kensington.html,Asbestos Removal North Kensington | Free London Quote,Asbestos Removal North Kensington,/media/asbestos-removal-north-kensington-north-kensington-centre-w10.webp,22-page V3 repair; live HTTP and desktop/mobile QA passed
asbestos-removal-north-london.html,https://asbestosremovalsinlondon.co.uk/asbestos-removal-north-london.html,Asbestos Removal North London | Free Quote,Asbestos Removal North London,/media/asbestos-removal-north-london-archway-n19.webp,Existing; preserved
asbestos-removal-notting-hill.html,https://asbestosremovalsinlondon.co.uk/asbestos-removal-notting-hill.html,Asbestos Removal Notting Hill | Free London Quote,Asbestos Removal Notting Hill,/asbestos-removal-london-enclosure-hero.webp,Existing; preserved
asbestos-removal-orpington.html,https://asbestosremovalsinlondon.co.uk/asbestos-removal-orpington.html,Asbestos Removal Orpington | Free London Quote,Asbestos Removal Orpington,/asbestos-removal-london-enclosure-hero.webp,Existing; preserved
asbestos-removal-paddington.html,https://asbestosremovalsinlondon.co.uk/asbestos-removal-paddington.html,Asbestos Removal Paddington | Free London Quote,Asbestos Removal Paddington,/asbestos-removal-london-enclosure-hero.webp,Existing; preserved
asbestos-removal-palmers-green.html,https://asbestosremovalsinlondon.co.uk/asbestos-removal-palmers-green.html,Asbestos Removal Palmers Green | Free London Quote,Asbestos Removal Palmers Green,/asbestos-removal-london-enclosure-hero.webp,Existing; preserved
asbestos-removal-peckham.html,https://asbestosremovalsinlondon.co.uk/asbestos-removal-peckham.html,Asbestos Removal Peckham | Free London Quote,Asbestos Removal Peckham,/asbestos-removal-london-enclosure-hero.webp,Existing; preserved
asbestos-removal-penge.html,https://asbestosremovalsinlondon.co.uk/asbestos-removal-penge.html,Asbestos Removal Penge | Free London Quote,Asbestos Removal Penge,/asbestos-removal-london-enclosure-hero.webp,Existing; preserved
asbestos-removal-pinner.html,https://asbestosremovalsinlondon.co.uk/asbestos-removal-pinner.html,Asbestos Removal Pinner | Free London Quote,Asbestos Removal Pinner,/media/asbestos-garage-roof-removal-pinner-pinner-centre-ha5.webp,22-page V3 repair; live HTTP and desktop/mobile QA passed
asbestos-removal-plumstead.html,https://asbestosremovalsinlondon.co.uk/asbestos-removal-plumstead.html,Asbestos Removal Plumstead | Free London Quote,Asbestos Removal Plumstead,/asbestos-removal-london-enclosure-hero.webp,Existing; preserved
asbestos-removal-poplar.html,https://asbestosremovalsinlondon.co.uk/asbestos-removal-poplar.html,Asbestos Removal Poplar | Free London Quote,Asbestos Removal Poplar,/asbestos-removal-london-enclosure-hero.webp,Existing; preserved
asbestos-removal-purley.html,https://asbestosremovalsinlondon.co.uk/asbestos-removal-purley.html,Asbestos Removal Purley | Free London Quote,Asbestos Removal Purley,/asbestos-removal-london-enclosure-hero.webp,Existing; preserved
asbestos-removal-putney.html,https://asbestosremovalsinlondon.co.uk/asbestos-removal-putney.html,Asbestos Removal Putney | SW15 Free Quote,Asbestos Removal Putney,/media/asbestos-garage-roof-removal-putney-high-street-sw15.webp,Existing; preserved
asbestos-removal-rainham.html,https://asbestosremovalsinlondon.co.uk/asbestos-removal-rainham.html,Asbestos Removal Rainham | Free London Quote,Asbestos Removal Rainham,/media/asbestos-roof-removal-rainham-rainham-centre-rm13.webp,22-page V3 repair; live HTTP and desktop/mobile QA passed
asbestos-removal-redbridge-london.html,https://asbestosremovalsinlondon.co.uk/asbestos-removal-redbridge-london.html,Asbestos Removal Redbridge | London Quote,Asbestos Removal Redbridge,/asbestos-removal-london-enclosure-hero.webp,Existing; preserved
asbestos-removal-richmond-upon-thames-london.html,https://asbestosremovalsinlondon.co.uk/asbestos-removal-richmond-upon-thames-london.html,Asbestos Removal Richmond upon Thames | Borough Quote,Asbestos Removal Richmond upon Thames,/media/asbestos-roof-removal-richmond-upon-thames-kew-tw9.webp,Existing; preserved
asbestos-removal-richmond.html,https://asbestosremovalsinlondon.co.uk/asbestos-removal-richmond.html,Asbestos Removal Richmond | TW9 & TW10 Free Quote,Asbestos Removal Richmond,/media/asbestos-artex-removal-richmond-station-tw9.webp,Existing; preserved
asbestos-removal-romford.html,https://asbestosremovalsinlondon.co.uk/asbestos-removal-romford.html,Asbestos Removal Romford | Free London Quote,Asbestos Removal Romford,/asbestos-removal-london-enclosure-hero.webp,Existing; preserved
asbestos-removal-ruislip.html,https://asbestosremovalsinlondon.co.uk/asbestos-removal-ruislip.html,Asbestos Removal Ruislip | Free London Quote,Asbestos Removal Ruislip,/asbestos-removal-london-enclosure-hero.webp,Existing; preserved
asbestos-removal-services.html,https://asbestosremovalsinlondon.co.uk/asbestos-removal-services.html,Asbestos Removal Services London | Free Quote,Asbestos Removal Services London,/media/asbestos-removal-services-london-enclosure.webp,Existing; preserved
asbestos-removal-shepherds-bush.html,https://asbestosremovalsinlondon.co.uk/asbestos-removal-shepherds-bush.html,Asbestos Removal Shepherd's Bush | Free London Quote,Asbestos Removal Shepherd's Bush,/asbestos-removal-london-enclosure-hero.webp,Existing; preserved
asbestos-removal-shoreditch.html,https://asbestosremovalsinlondon.co.uk/asbestos-removal-shoreditch.html,Asbestos Removal Shoreditch | Free London Quote,Asbestos Removal Shoreditch,/media/asbestos-removal-shoreditch-shoreditch-centre-ec2a.webp,22-page V3 repair; live HTTP and desktop/mobile QA passed
asbestos-removal-sidcup.html,https://asbestosremovalsinlondon.co.uk/asbestos-removal-sidcup.html,Asbestos Removal Sidcup | Free London Quote,Asbestos Removal Sidcup,/asbestos-removal-london-enclosure-hero.webp,Existing; preserved
asbestos-removal-soho.html,https://asbestosremovalsinlondon.co.uk/asbestos-removal-soho.html,Asbestos Removal Soho | Free London Quote,Asbestos Removal Soho,/asbestos-removal-london-enclosure-hero.webp,Existing; preserved
asbestos-removal-south-london.html,https://asbestosremovalsinlondon.co.uk/asbestos-removal-south-london.html,Asbestos Removal South London | Free Quote,Asbestos Removal South London,/media/asbestos-removal-south-london-elephant-and-castle-se1.webp,22-page V3 repair; live HTTP and desktop/mobile QA passed
asbestos-removal-south-norwood.html,https://asbestosremovalsinlondon.co.uk/asbestos-removal-south-norwood.html,Asbestos Removal South Norwood | Free London Quote,Asbestos Removal South Norwood,/media/asbestos-artex-removal-south-norwood-south-norwood-centre-se25.webp,22-page V3 repair; live HTTP and desktop/mobile QA passed
asbestos-removal-southall.html,https://asbestosremovalsinlondon.co.uk/asbestos-removal-southall.html,Asbestos Removal Southall | Free London Quote,Asbestos Removal Southall,/asbestos-removal-london-enclosure-hero.webp,Existing; preserved
asbestos-removal-southgate.html,https://asbestosremovalsinlondon.co.uk/asbestos-removal-southgate.html,Asbestos Removal Southgate | Free London Quote,Asbestos Removal Southgate,/asbestos-removal-london-enclosure-hero.webp,Existing; preserved
asbestos-removal-southwark-london.html,https://asbestosremovalsinlondon.co.uk/asbestos-removal-southwark-london.html,Asbestos Removal Southwark | London Quote,Asbestos Removal Southwark,/asbestos-removal-london-enclosure-hero.webp,Existing; preserved
asbestos-removal-southwark.html,https://asbestosremovalsinlondon.co.uk/asbestos-removal-southwark.html,Asbestos Removal Southwark | Free London Quote,Asbestos Removal Southwark,/asbestos-removal-london-enclosure-hero.webp,Existing; preserved
asbestos-removal-stanmore.html,https://asbestosremovalsinlondon.co.uk/asbestos-removal-stanmore.html,Asbestos Removal Stanmore | Free London Quote,Asbestos Removal Stanmore,/asbestos-removal-london-enclosure-hero.webp,Existing; preserved
asbestos-removal-stoke-newington.html,https://asbestosremovalsinlondon.co.uk/asbestos-removal-stoke-newington.html,Asbestos Removal Stoke Newington | Free London Quote,Asbestos Removal Stoke Newington,/asbestos-removal-london-enclosure-hero.webp,Existing; preserved
asbestos-removal-stratford.html,https://asbestosremovalsinlondon.co.uk/asbestos-removal-stratford.html,Asbestos Removal Stratford | Free London Quote,Asbestos Removal Stratford,/asbestos-removal-london-enclosure-hero.webp,Existing; preserved
asbestos-removal-streatham.html,https://asbestosremovalsinlondon.co.uk/asbestos-removal-streatham.html,Asbestos Removal Streatham | Free London Quote,Asbestos Removal Streatham,/asbestos-removal-london-enclosure-hero.webp,Existing; preserved
asbestos-removal-surbiton.html,https://asbestosremovalsinlondon.co.uk/asbestos-removal-surbiton.html,Asbestos Removal Surbiton | KT6 Free Quote,Asbestos Removal Surbiton,/media/asbestos-floor-tile-removal-surbiton-victoria-road-kt6.webp,Existing; preserved
asbestos-removal-sutton-london.html,https://asbestosremovalsinlondon.co.uk/asbestos-removal-sutton-london.html,Asbestos Removal Sutton Borough | London Quote,Asbestos Removal Sutton,/media/asbestos-removal-sutton-borough-centre-sm1.webp,Existing; preserved
asbestos-removal-sutton.html,https://asbestosremovalsinlondon.co.uk/asbestos-removal-sutton.html,Asbestos Removal Sutton Town | SM1/SM2 Free Quote,Asbestos Removal Sutton,/media/asbestos-artex-removal-sutton-town-centre-sm1.webp,Existing; preserved
asbestos-removal-swiss-cottage.html,https://asbestosremovalsinlondon.co.uk/asbestos-removal-swiss-cottage.html,Asbestos Removal Swiss Cottage | Free London Quote,Asbestos Removal Swiss Cottage,/asbestos-removal-london-enclosure-hero.webp,Existing; preserved
asbestos-removal-sydenham.html,https://asbestosremovalsinlondon.co.uk/asbestos-removal-sydenham.html,Asbestos Removal Sydenham | Free London Quote,Asbestos Removal Sydenham,/asbestos-removal-london-enclosure-hero.webp,Existing; preserved
asbestos-removal-teddington.html,https://asbestosremovalsinlondon.co.uk/asbestos-removal-teddington.html,Asbestos Removal Teddington | TW11 Free Quote,Asbestos Removal Teddington,/media/asbestos-artex-removal-teddington-broad-street-tw11.webp,Existing; preserved
asbestos-removal-thornton-heath.html,https://asbestosremovalsinlondon.co.uk/asbestos-removal-thornton-heath.html,Asbestos Removal Thornton Heath | Free London Quote,Asbestos Removal Thornton Heath,/media/asbestos-floor-tile-removal-thornton-heath-thornton-heath-centre-cr7.webp,22-page V3 repair; live HTTP and desktop/mobile QA passed
asbestos-removal-tooting.html,https://asbestosremovalsinlondon.co.uk/asbestos-removal-tooting.html,Asbestos Removal Tooting | Free London Quote,Asbestos Removal Tooting,/asbestos-removal-london-enclosure-hero.webp,Existing; preserved
asbestos-removal-tottenham.html,https://asbestosremovalsinlondon.co.uk/asbestos-removal-tottenham.html,Asbestos Removal Tottenham | Free London Quote,Asbestos Removal Tottenham,/media/asbestos-aib-removal-tottenham-tottenham-centre-n15.webp,22-page V3 repair; live HTTP and desktop/mobile QA passed
asbestos-removal-tower-hamlets-london.html,https://asbestosremovalsinlondon.co.uk/asbestos-removal-tower-hamlets-london.html,Asbestos Removal Tower Hamlets | London Quote,Asbestos Removal Tower Hamlets,/asbestos-removal-london-enclosure-hero.webp,Existing; preserved
asbestos-removal-twickenham.html,https://asbestosremovalsinlondon.co.uk/asbestos-removal-twickenham.html,Asbestos Removal Twickenham | TW1 & TW2 Free Quote,Asbestos Removal Twickenham,/media/asbestos-garage-roof-removal-twickenham-twickenham-town-centre-tw1.webp,22-page V3 repair; live HTTP and desktop/mobile QA passed
asbestos-removal-upminster.html,https://asbestosremovalsinlondon.co.uk/asbestos-removal-upminster.html,Asbestos Removal Upminster | Free London Quote,Asbestos Removal Upminster,/asbestos-removal-london-enclosure-hero.webp,Existing; preserved
asbestos-removal-uxbridge.html,https://asbestosremovalsinlondon.co.uk/asbestos-removal-uxbridge.html,Asbestos Removal Uxbridge | Free London Quote,Asbestos Removal Uxbridge,/asbestos-removal-london-enclosure-hero.webp,Existing; preserved
asbestos-removal-vauxhall.html,https://asbestosremovalsinlondon.co.uk/asbestos-removal-vauxhall.html,Asbestos Removal Vauxhall | Free London Quote,Asbestos Removal Vauxhall,/asbestos-removal-london-enclosure-hero.webp,Existing; preserved
asbestos-removal-wallington.html,https://asbestosremovalsinlondon.co.uk/asbestos-removal-wallington.html,Asbestos Removal Wallington | Free London Quote,Asbestos Removal Wallington,/asbestos-removal-london-enclosure-hero.webp,Existing; preserved
asbestos-removal-waltham-forest-london.html,https://asbestosremovalsinlondon.co.uk/asbestos-removal-waltham-forest-london.html,Asbestos Removal Waltham Forest | London Quote,Asbestos Removal Waltham Forest,/asbestos-removal-london-enclosure-hero.webp,Existing; preserved
asbestos-removal-walthamstow.html,https://asbestosremovalsinlondon.co.uk/asbestos-removal-walthamstow.html,Asbestos Removal Walthamstow | Free London Quote,Asbestos Removal Walthamstow,/asbestos-removal-london-enclosure-hero.webp,Existing; preserved
asbestos-removal-wandsworth-london.html,https://asbestosremovalsinlondon.co.uk/asbestos-removal-wandsworth-london.html,Asbestos Removal Wandsworth Borough | London Quote,Asbestos Removal Wandsworth,/media/commercial-asbestos-removal-wandsworth-nine-elms-sw8.webp,Existing; preserved
asbestos-removal-wandsworth.html,https://asbestosremovalsinlondon.co.uk/asbestos-removal-wandsworth.html,Asbestos Removal Wandsworth | Wandsworth Town SW18,Asbestos Removal Wandsworth,/media/asbestos-aib-removal-wandsworth-old-york-road-sw18.webp,Existing; preserved
asbestos-removal-wanstead.html,https://asbestosremovalsinlondon.co.uk/asbestos-removal-wanstead.html,Asbestos Removal Wanstead | Free London Quote,Asbestos Removal Wanstead,/asbestos-removal-london-enclosure-hero.webp,Existing; preserved
asbestos-removal-wealdstone.html,https://asbestosremovalsinlondon.co.uk/asbestos-removal-wealdstone.html,Asbestos Removal Wealdstone | Free London Quote,Asbestos Removal Wealdstone,/asbestos-removal-london-enclosure-hero.webp,Existing; preserved
asbestos-removal-welling.html,https://asbestosremovalsinlondon.co.uk/asbestos-removal-welling.html,Asbestos Removal Welling | Free London Quote,Asbestos Removal Welling,/asbestos-removal-london-enclosure-hero.webp,Existing; preserved
asbestos-removal-wembley.html,https://asbestosremovalsinlondon.co.uk/asbestos-removal-wembley.html,Asbestos Removal Wembley | Free London Quote,Asbestos Removal Wembley,/asbestos-removal-london-enclosure-hero.webp,Existing; preserved
asbestos-removal-west-drayton.html,https://asbestosremovalsinlondon.co.uk/asbestos-removal-west-drayton.html,Asbestos Removal West Drayton | Free London Quote,Asbestos Removal West Drayton,/asbestos-removal-london-enclosure-hero.webp,Existing; preserved
asbestos-removal-west-london.html,https://asbestosremovalsinlondon.co.uk/asbestos-removal-west-london.html,Asbestos Removal West London | Asbestos Removals London UK,Asbestos Removal West London,/media/asbestos-roof-removal-west-london-west-kensington-w14.webp,22-page V3 repair; live HTTP and desktop/mobile QA passed
asbestos-removal-westminster-london.html,https://asbestosremovalsinlondon.co.uk/asbestos-removal-westminster-london.html,Asbestos Removal Westminster | London Quote,Asbestos Removal Westminster,/asbestos-removal-london-enclosure-hero.webp,Existing; preserved
asbestos-removal-westminster.html,https://asbestosremovalsinlondon.co.uk/asbestos-removal-westminster.html,Asbestos Removal Westminster | Free London Quote,Asbestos Removal Westminster,/asbestos-removal-london-enclosure-hero.webp,Existing; preserved
asbestos-removal-white-city.html,https://asbestosremovalsinlondon.co.uk/asbestos-removal-white-city.html,Asbestos Removal White City | Free London Quote,Asbestos Removal White City,/asbestos-removal-london-enclosure-hero.webp,Existing; preserved
asbestos-removal-willesden.html,https://asbestosremovalsinlondon.co.uk/asbestos-removal-willesden.html,Asbestos Removal Willesden | Free London Quote,Asbestos Removal Willesden,/asbestos-removal-london-enclosure-hero.webp,Existing; preserved
asbestos-removal-wimbledon.html,https://asbestosremovalsinlondon.co.uk/asbestos-removal-wimbledon.html,Asbestos Removal Wimbledon | Free London Quote,Asbestos Removal Wimbledon,/asbestos-removal-london-enclosure-hero.webp,Existing; preserved
asbestos-removal-wood-green.html,https://asbestosremovalsinlondon.co.uk/asbestos-removal-wood-green.html,Asbestos Removal Wood Green | Free London Quote,Asbestos Removal Wood Green,/media/asbestos-floor-tile-removal-wood-green-wood-green-centre-n22.webp,22-page V3 repair; live HTTP and desktop/mobile QA passed
asbestos-removal-woodford.html,https://asbestosremovalsinlondon.co.uk/asbestos-removal-woodford.html,Asbestos Removal Woodford | Free London Quote,Asbestos Removal Woodford,/asbestos-removal-london-enclosure-hero.webp,Existing; preserved
asbestos-removal-woolwich.html,https://asbestosremovalsinlondon.co.uk/asbestos-removal-woolwich.html,Asbestos Removal Woolwich | Free London Quote,Asbestos Removal Woolwich,/asbestos-removal-london-enclosure-hero.webp,Existing; preserved
asbestos-roof-removal-london.html,https://asbestosremovalsinlondon.co.uk/asbestos-roof-removal-london.html,Asbestos Roof Removal London | Cement Sheets & Cladding,Asbestos Roof Removal London,/commercial-asbestos-roof-removal-london.webp,Existing; preserved
asbestos-soffit-removal-harrow.html,https://asbestosremovalsinlondon.co.uk/asbestos-soffit-removal-harrow.html,Asbestos Soffit Removal Harrow | Roofline Removal Quotes,Asbestos Soffit Removal Harrow,/media/asbestos-soffit-removal-harrow-roofline-soffit.webp,Existing; preserved
asbestos-soil-removal-london.html,https://asbestosremovalsinlondon.co.uk/asbestos-soil-removal-london.html,Asbestos Soil Removal London | Contaminated Land Remediation,Asbestos Soil Removal London,/media/asbestos-soil-remediation-london-brownfield-site.webp,Existing; preserved
asbestos-soil-testing-london.html,https://asbestosremovalsinlondon.co.uk/asbestos-soil-testing-london.html,Asbestos Soil Testing London | Sampling & Analysis,Asbestos Soil Testing London,/media/asbestos-soil-testing-london-urban-sampling.webp,Existing; preserved
asbestos-surveys-london.html,https://asbestosremovalsinlondon.co.uk/asbestos-surveys-london.html,Asbestos Surveys London | Management & R&D Surveys,Asbestos Surveys London,/media/asbestos-refurbishment-survey-london-sink-pad-bitumen-sample.jpg,Existing; preserved
asbestos-water-tank-removal-london.html,https://asbestosremovalsinlondon.co.uk/asbestos-water-tank-removal-london.html,Asbestos Water Tank Removal London | Loft Tanks & Cisterns,Asbestos Water Tank Removal London,/media/asbestos-water-tank-removal-london-loft.webp,Existing; preserved
asbestos8203-8203disposal8203-8203in8203-8203london.html,https://asbestosremovalsinlondon.co.uk/asbestos8203-8203disposal8203-8203in8203-8203london.html,Asbestos Disposal London | Collection & Removal,Asbestos Disposal London,/asbestos-removal-london-enclosure-hero.webp,Existing; preserved
commercial-asbestos-removal-london.html,https://asbestosremovalsinlondon.co.uk/commercial-asbestos-removal-london.html,Commercial Asbestos Removal London | Free Quote,Commercial Asbestos Removal London,/media/commercial-asbestos-cement-roof-removal-london.webp,Existing; preserved
contact.html,https://asbestosremovalsinlondon.co.uk/contact.html,Contact Asbestos Removals London UK | Asbestos Removals London UK,Contact Us,/asbestos-removal-london-enclosure-hero.webp,Existing; preserved
index.html,https://asbestosremovalsinlondon.co.uk/,Asbestos Removal London | Local Company & Free Quote,Asbestos removal London,/media/asbestos-removal-london-enclosure-access.webp,Existing; preserved
licensed-asbestos-removal-london.html,https://asbestosremovalsinlondon.co.uk/licensed-asbestos-removal-london.html,Licensed Asbestos Removal London | Free Quote,Licensed Asbestos Removal London,/media/licensed-asbestos-removal-london-enclosure.webp,Existing; preserved
locations.html,https://asbestosremovalsinlondon.co.uk/locations.html,Asbestos Removal Areas London | Asbestos Removals London UK,Asbestos Removal Across London,,Existing; preserved
london-borough-of-sutton-asbestos-removal.html,https://asbestosremovalsinlondon.co.uk/asbestos-removal-sutton-london.html,Page moved,,,Existing; preserved
other-helpful-links.html,https://asbestosremovalsinlondon.co.uk/other-helpful-links.html,Asbestos Removals London UK | Asbestos Removals London UK,Helpful Asbestos Information,/asbestos-removal-london-enclosure-hero.webp,Existing; preserved
privacy-policy.html,https://asbestosremovalsinlondon.co.uk/privacy-policy.html,Privacy Policy | Asbestos Removals London UK,Privacy Policy,,Existing; preserved
